filename,DS_TYPENAME,size_node,RECLAIM,ALLOC,POOL,MILLIS_TO_RUN,INS,DEL,RQ,RQSIZE,MAXKEY,PREFILL_THREADS,TOTAL_THREADS,WORK_THREADS,RQ_THREADS,INSERT_FUNC,threads_final_keysum,threads_final_size,final_keysum,final_size,validate_result,tree_stats_height,tree_stats_numInternals,tree_stats_numLeaves,tree_stats_numNodes,tree_stats_numKeys,tree_stats_avgDegreeInternal,tree_stats_avgDegreeLeaves,tree_stats_avgDegree,tree_stats_avgKeyDepth,tree_stats_sizeInBytes,sum_num_try_rebuild_at_depth_by_index,sum_num_complete_rebuild_at_depth_by_index,sum_num_help_subtree_total,first_thread_announced_epoch_by_index,sum_elapsed_rebuild_depth_total,sum_elapsed_all_ops_total,total_find,total_rq,total_updates,total_queries,total_ops,find_throughput,rq_throughput,update_throughput,query_throughput,total_throughput,PAPI_L2_TCM,PAPI_L3_TCM,PAPI_TOT_CYC,PAPI_RES_STL,maxresident_mb,prefill_elapsed_ms
istree_exp2_memory_static/step10001.txt,brown_ext_ist_lf,72,reclaimer_debra,allocator_new,pool_none,30000,20,20,0,1,2000000,190,190,190,0,insertIfAbsent,999546083180,1000193,999546083180,1000193,success,6,52125,1071138,1123263,1000193,21.5494,0.933767,1.89044,3.03991,21327344,6966 5338700 2591893 21283452,2270 5282361 2573739 21279642,23368715,20372,,,1701034512,0,1134018963,1701034512,2835053475,56701150,0,37800632,56701150,94501782,25.0559,11.8934,5593.55,4313.19,1749,301
istree_exp2_memory_static/step10002.txt,brown_ext_abtree_lf,208,reclaimer_debra,allocator_new,pool_none,30000,20,20,0,1,2000000,190,190,190,0,insertIfAbsent,1000139069622,1000412,1000139069622,1000412,success,8,35897,194893,230790,1000412,6.42923,5.13313,5.33473,7,48004320,,,, 40622,,,2208745450,0,1472556982,2208745450,3681302432,73624848,0,49085232,73624848,122710081,16.082,5.88351,3900.09,1694.61,1284,237
istree_exp2_memory_static/step10003.txt,bronson_pext_bst_occ,,reclaimer_debra,allocator_new,pool_none,30000,20,20,0,1,2000000,190,190,190,0,insertIfAbsent,1000115679361,999689,1000115679361,999689,success,25,685635,520129,1205764,999689,1.75861,1.922,1.82909,19.7978,67522784,,,, 26766,,,2565191034,0,1710131925,2565191034,4275322959,85506367,0,57004397,85506367,142510765,21.711,4.88636,3678.65,2126.7,1257,250
istree_exp2_memory_static/step10004.txt,natarajan_ext_bst_lf,,reclaimer_debra,allocator_new,pool_none,30000,20,20,0,1,2000000,190,190,190,0,insertIfAbsent,1000136364501,1000238,1000136364501,1000238,success,49,1000237,1000238,2000475,1000238,2,1,1.5,27.0035,64015200,,,, 27368,,,2209061121,0,1472786762,2209061121,3681847883,73635370,0,49092892,73635370,122728262,16.7185,4.35326,4279.95,2444.37,1232,249
istree_exp2_memory_static/step10005.txt,brown_ext_ist_lf,72,reclaimer_debra,allocator_new,pool_none,30000,20,20,0,1,20000000,190,190,190,0,insertIfAbsent,100011566971393,10001843,100011566971393,10001843,success,7,1830062,11878133,13708195,10001843,7.49056,0.842038,1.72963,4.04069,336484384,848 731918 6180613 155105097 389600,231 731651 6175310 155097682 389587,2933576,22158,,,1737732498,0,1158466362,1737732498,2896198860,57924416,0,38615545,57924416,96539962,28.6979,15.3024,5307.99,3650.37,2938,382
istree_exp2_memory_static/step10006.txt,brown_ext_abtree_lf,208,reclaimer_debra,allocator_new,pool_none,30000,20,20,0,1,20000000,190,190,190,0,insertIfAbsent,99995855095680,10001316,99995855095680,10001316,success,10,327718,1955349,2283067,10001316,6.96656,5.11485,5.38065,9,474877936,,,,602 29262,,,2211124951,0,1474070081,2211124951,3685195032,73704165,0,49135669,73704165,122839834,22.8275,9.08764,4272.7,2415.57,2184,916
istree_exp2_memory_static/step10007.txt,bronson_pext_bst_occ,,reclaimer_debra,allocator_new,pool_none,30000,20,20,0,1,20000000,190,190,190,0,insertIfAbsent,100011026800704,10000591,100011026800704,10000591,success,29,6858688,5204606,12063294,10000591,1.75883,1.92149,1.82901,23.2879,675544464,,,,170 16380,,,1651069694,0,1100696960,1651069694,2751766654,55035656,0,36689898,55035656,91725555,32.9328,12.2767,5758.63,4144.24,2508,435
istree_exp2_memory_static/step10008.txt,natarajan_ext_bst_lf,,reclaimer_debra,allocator_new,pool_none,30000,20,20,0,1,20000000,190,190,190,0,insertIfAbsent,100009652476849,10000518,100009652476849,10000518,success,59,10000517,10000518,20001035,10000518,2,1,1.5,30.3301,640033120,,,, 14182,,,1285177030,0,856777176,1285177030,2141954206,42839234,0,28559239,42839234,71398473,29.3989,12.1067,7395.2,5319.62,2316,438
istree_exp2_memory_static/step10009.txt,brown_ext_ist_lf,72,reclaimer_debra,allocator_new,pool_none,30000,20,20,0,1,200000000,190,190,190,0,insertIfAbsent,10001421804704272,100007148,10001421804704272,100007148,success,7,11011159,110008250,121019409,100007148,10.9906,0.909088,1.82637,4,2641024704,84 199974 6866941 77739880 13328475,20 199958 6866305 77739412 13328433,510045,12656,,,1499958580,0,999951390,1499958580,2499909970,49998619,0,33331713,49998619,83330332,31.5082,17.6554,5710.34,4240.8,14421,1127
istree_exp2_memory_static/step10010.txt,brown_ext_abtree_lf,208,reclaimer_debra,allocator_new,pool_none,30000,20,20,0,1,200000000,190,190,190,0,insertIfAbsent,10001243845721258,100009583,10001243845721258,100009583,success,11,2666467,18220721,20887188,100009583,7.83328,5.48878,5.78808,10,4344535104,,,,3074 23594,,,1739222297,0,1159364425,1739222297,2898586722,57974076,0,38645480,57974076,96619557,29.4364,13.9032,5436.38,3556.38,9760,6200
istree_exp2_memory_static/step10011.txt,bronson_pext_bst_occ,,reclaimer_debra,allocator_new,pool_none,30000,20,20,0,1,200000000,190,190,190,0,insertIfAbsent,10000026247759483,100001982,10000026247759483,100001982,success,33,68333894,51814404,120148298,100001982,1.75825,1.93,1.83232,26.6096,6728304688,,,,772 11742,,,1123507948,0,749031960,1123507948,1872539908,37450264,0,24967732,37450264,62417996,44.0727,21.3607,8468.83,6813.17,10618,2755
istree_exp2_memory_static/step10012.txt,natarajan_ext_bst_lf,,reclaimer_debra,allocator_new,pool_none,30000,20,20,0,1,200000000,190,190,190,0,insertIfAbsent,10000569841009165,100003561,10000569841009165,100003561,success,73,100003560,100003561,200007121,100003561,2,1,1.5,35.5417,6400227872,,,,748 9946,,,904604344,0,603038908,904604344,1507643252,30153478,0,20101296,30153478,50254775,42.0156,21.6606,10518,8684.29,10963,2838
istree_exp2_memory_static/step10013.txt,brown_ext_ist_lf,72,reclaimer_debra,allocator_new,pool_none,30000,20,20,0,1,2000000000,190,190,190,0,insertIfAbsent,999990876797162783,1000010792,999990876797162783,1000010792,success,7,117327574,1148792284,1266119858,1000010792,10.7913,0.870489,1.78982,4.07035,27816962896,2 32600 3965486 65929874 18604070,1 32598 3965429 65929818 18604065,54208,13920,,,1451426339,0,967613550,1451426339,2419039889,48380877,0,32253785,48380877,80634662,30.591,19.666,5801.34,4637.02,120708,9082
istree_exp2_memory_static/step10014.txt,brown_ext_abtree_lf,208,reclaimer_debra,allocator_new,pool_none,30000,20,20,0,1,2000000000,190,190,190,0,insertIfAbsent,1000022340551850031,1000021130,1000022340551850031,1000021130,success,12,20667629,142190511,162858140,1000021130,7.87987,7.03297,7.14044,11,33874493120,,,,26484 39810,,,1278327953,0,852228003,1278327953,2130555956,42610931,0,28407600,42610931,71018531,37.3265,21.295,7300.55,5605.8,62919,61314
istree_exp2_memory_static/step10015.txt,bronson_pext_bst_occ,,reclaimer_debra,allocator_new,pool_none,30000,20,20,0,1,2000000000,190,190,190,0,insertIfAbsent,1000015789522696936,999995294,1000015789522696936,999995294,success,37,597715529,450207617,1047923146,999995294,1.75321,2.22119,1.95426,29.5404,58683696176,,,,7936 15382,,,769014846,0,512692934,769014846,1281707780,25633828,0,17089764,25633828,42723592,58.1359,32.9014,12373.8,10620.1,69551,32730
istree_exp2_memory_static/step10016.txt,natarajan_ext_bst_lf,,reclaimer_debra,allocator_new,pool_none,30000,20,20,0,1,2000000000,190,190,190,0,insertIfAbsent,1000022179890926154,1000004952,1000022179890926154,1000004952,success,78,1000004951,1000004952,2000009903,1000004952,2,1,1.5,39.8777,64000316896,,,,7812 14106,,,613340292,0,408883366,613340292,1022223658,20444676,0,13629445,20444676,34074121,57.1974,33.3944,15509.5,13229.1,69311,33766
istree_exp2_memory_static/step10017.txt,brown_ext_ist_lf,72,reclaimer_debra,allocator_new,pool_none,30000,20,20,0,1,2000000,190,190,190,0,insertIfAbsent,999010816454,999091,999010816454,999091,success,6,54155,1074657,1128812,999091,20.8441,0.929684,1.88508,3.04425,21548416,6904 5341392 2595065 21302791,2271 5284693 2576793 21298950,23348624,20370,,,1701951673,0,1134675505,1701951673,2836627178,56731722,0,37822516,56731722,94554239,25.0398,11.8881,5590.58,4311,1754,327
istree_exp2_memory_static/step10018.txt,brown_ext_abtree_lf,208,reclaimer_debra,allocator_new,pool_none,30000,20,20,0,1,2000000,190,190,190,0,insertIfAbsent,1000560330650,1000378,1000560330650,1000378,success,8,35835,194966,230801,1000378,6.44066,5.13104,5.33437,7,48006608,,,, 40598,,,2206370350,0,1470945187,2206370350,3677315537,73545678,0,49031506,73545678,122577184,16.1112,5.88081,3904.5,1696.22,1365,242
istree_exp2_memory_static/step10019.txt,bronson_pext_bst_occ,,reclaimer_debra,allocator_new,pool_none,30000,20,20,0,1,2000000,190,190,190,0,insertIfAbsent,1000624129163,1000754,1000624129163,1000754,success,25,686286,520429,1206715,1000754,1.75833,1.92294,1.82932,19.7947,67576040,,,, 26602,,,2563691648,0,1709072802,2563691648,4272764450,85456388,0,56969093,85456388,142425481,21.929,4.91175,3680.39,2126.99,1258,316
istree_exp2_memory_static/step10020.txt,natarajan_ext_bst_lf,,reclaimer_debra,allocator_new,pool_none,30000,20,20,0,1,2000000,190,190,190,0,insertIfAbsent,1000072963250,1000121,1000072963250,1000121,success,47,1000120,1000121,2000241,1000121,2,1,1.5,25.6207,64007712,,,, 27232,,,2195952926,0,1463957292,2195952926,3659910218,73198430,0,48798576,73198430,121997007,16.8899,4.34739,4308.22,2488.55,1234,324
istree_exp2_memory_static/step10021.txt,brown_ext_ist_lf,72,reclaimer_debra,allocator_new,pool_none,30000,20,20,0,1,20000000,190,190,190,0,insertIfAbsent,99978216611567,9998193,99978216611567,9998193,success,7,1700815,11592403,13293218,9998193,7.81579,0.862478,1.75213,4.01511,321543760,886 734046 6190365 155272132 390151,232 733779 6185039 155264795 390146,2921946,22234,,,1740434990,0,1160261348,1740434990,2900696338,58014499,0,38675378,58014499,96689877,28.6336,15.3149,5297.89,3646.4,2937,409
istree_exp2_memory_static/step10022.txt,brown_ext_abtree_lf,208,reclaimer_debra,allocator_new,pool_none,30000,20,20,0,1,20000000,190,190,190,0,insertIfAbsent,99992444980420,9998700,99992444980420,9998700,success,9,327597,1955529,2283126,9998700,6.96931,5.11304,5.37939,8,474890208,,,,446 29256,,,2222677995,0,1481825303,2222677995,3704503298,74089266,0,49394176,74089266,123483443,22.9165,9.12895,4256.51,2407.68,2155,866
istree_exp2_memory_static/step10023.txt,bronson_pext_bst_occ,,reclaimer_debra,allocator_new,pool_none,30000,20,20,0,1,20000000,190,190,190,0,insertIfAbsent,100010972543687,10000232,100010972543687,10000232,success,29,6858633,5204565,12063198,10000232,1.75883,1.92143,1.82899,23.2655,675539088,,,,168 16430,,,1654722243,0,1103085658,1654722243,2757807901,55157408,0,36769521,55157408,91926930,32.763,12.2781,5746.02,4133.54,2508,424
istree_exp2_memory_static/step10024.txt,natarajan_ext_bst_lf,,reclaimer_debra,allocator_new,pool_none,30000,20,20,0,1,20000000,190,190,190,0,insertIfAbsent,99990438031842,9998156,99990438031842,9998156,success,58,9998155,9998156,19996311,9998156,2,1,1.5,31.1159,639881952,,,,144 14230,,,1293204744,0,862167957,1293204744,2155372701,43106824,0,28738931,43106824,71845756,29.3388,12.1272,7355.82,5293.68,2359,417
istree_exp2_memory_static/step10025.txt,brown_ext_ist_lf,72,reclaimer_debra,allocator_new,pool_none,30000,20,20,0,1,200000000,190,190,190,0,insertIfAbsent,9998695594434635,99986307,9998695594434635,99986307,success,7,11010055,109986398,120996453,99986307,10.9896,0.909079,1.82636,4,2640586752,96 199982 6884819 77730559 13316756,20 199964 6884170 77730049 13316732,511657,12582,,,1499907987,0,999928476,1499907987,2499836463,49996932,0,33330949,49996932,83327882,31.5355,17.637,5693.12,4219.47,14445,1222
istree_exp2_memory_static/step10026.txt,brown_ext_abtree_lf,208,reclaimer_debra,allocator_new,pool_none,30000,20,20,0,1,200000000,190,190,190,0,insertIfAbsent,10001199139002659,100007613,10001199139002659,100007613,success,11,2666622,18218588,20885210,100007613,7.83208,5.48932,5.78844,10,4344123680,,,,3008 23598,,,1743782774,0,1162542574,1743782774,2906325348,58126092,0,38751419,58126092,96877511,29.5516,13.9357,5416.49,3546.83,9786,6156
istree_exp2_memory_static/step10027.txt,bronson_pext_bst_occ,,reclaimer_debra,allocator_new,pool_none,30000,20,20,0,1,200000000,190,190,190,0,insertIfAbsent,9999544731183782,99997047,9999544731183782,99997047,success,33,68325523,51807796,120133319,99997047,1.75825,1.93015,1.83238,26.6224,6727465864,,,,776 11742,,,1120935870,0,747307277,1120935870,1868243147,37364529,0,24910242,37364529,62274771,44.4187,21.3682,8488.2,6829.83,10609,2767
istree_exp2_memory_static/step10028.txt,natarajan_ext_bst_lf,,reclaimer_debra,allocator_new,pool_none,30000,20,20,0,1,200000000,190,190,190,0,insertIfAbsent,9998958700197307,99988117,9998958700197307,99988117,success,67,99988116,99988117,199976233,99988117,2,1,1.5,35.7291,6399239456,,,,740 9912,,,901131308,0,600768772,901131308,1501900080,30037710,0,20025625,30037710,50063336,42.104,21.6463,10558.8,8716.05,10958,2830
istree_exp2_memory_static/step10029.txt,brown_ext_ist_lf,72,reclaimer_debra,allocator_new,pool_none,30000,20,20,0,1,2000000000,190,190,190,0,insertIfAbsent,999964156642152225,999987925,999964156642152225,999987925,success,7,118931676,1152196218,1271127894,999987925,10.6879,0.867897,1.78669,4.07379,28002305024,3 31721 3830569 65504169 18521212,1 31720 3830513 65504121 18521211,52720,13790,,,1443596661,0,962427657,1443596661,2406024318,48119888,0,32080921,48119888,80200810,30.5605,19.623,5807.6,4644.59,120697,9093
istree_exp2_memory_static/step10030.txt,brown_ext_abtree_lf,208,reclaimer_debra,allocator_new,pool_none,30000,20,20,0,1,2000000000,190,190,190,0,insertIfAbsent,1000041764489791330,1000004269,1000041764489791330,1000004269,success,12,20670567,142210699,162881266,1000004269,7.87986,7.03185,7.13947,11,33879303328,,,,26630 40098,,,1281425127,0,854225553,1281425127,2135650680,42714170,0,28474185,42714170,71188356,37.5153,21.3024,7295.97,5602.5,62912,61304
istree_exp2_memory_static/step10031.txt,bronson_pext_bst_occ,,reclaimer_debra,allocator_new,pool_none,30000,20,20,0,1,2000000000,190,190,190,0,insertIfAbsent,999975160259469454,999980510,999975160259469454,999980510,success,37,597688850,450193191,1047882041,999980510,1.75322,2.22123,1.95429,29.603,58681394296,,,,7956 15426,,,768609392,0,512428703,768609392,1281038095,25620313,0,17080956,25620313,42701269,58.0923,32.9073,12378.8,10599.6,69542,32773
istree_exp2_memory_static/step10032.txt,natarajan_ext_bst_lf,,reclaimer_debra,allocator_new,pool_none,30000,20,20,0,1,2000000000,190,190,190,0,insertIfAbsent,1000001352381290885,999985701,1000001352381290885,999985701,success,80,999985700,999985701,1999971401,999985701,2,1,1.5,40.814,63999084832,,,,7814 14092,,,612231805,0,408132959,612231805,1020364764,20407726,0,13604431,20407726,34012158,57.3174,33.3936,15537.1,13244.3,69303,33762
istree_exp2_memory_static/step10033.txt,brown_ext_ist_lf,72,reclaimer_debra,allocator_new,pool_none,30000,20,20,0,1,2000000,190,190,190,0,insertIfAbsent,999990749896,999711,999990749896,999711,success,6,56086,1078615,1134701,999711,20.2314,0.926847,1.88103,3.04808,21765088,6932 5345550 2598349 21326874,2274 5288765 2579946 21323038,23422445,20396,,,1703742703,0,1135806752,1703742703,2839549455,56791423,0,37860225,56791423,94651648,25.0491,11.9104,5585.2,4304.05,1752,285
istree_exp2_memory_static/step10034.txt,brown_ext_abtree_lf,208,reclaimer_debra,allocator_new,pool_none,30000,20,20,0,1,2000000,190,190,190,0,insertIfAbsent,1000099626953,999759,1000099626953,999759,success,8,35928,194807,230735,999759,6.42215,5.13205,5.33293,7,47992880,,,, 40664,,,2237143796,0,1491361253,2237143796,3728505049,74571459,0,49712041,74571459,124283501,16.0269,5.87237,3869.53,1691.08,1280,312
istree_exp2_memory_static/step10035.txt,bronson_pext_bst_occ,,reclaimer_debra,allocator_new,pool_none,30000,20,20,0,1,2000000,190,190,190,0,insertIfAbsent,1000037925235,1000214,1000037925235,1000214,success,25,685718,520483,1206201,1000214,1.75903,1.9217,1.82923,19.7914,67547256,,,, 26578,,,2552604675,0,1701745884,2552604675,4254350559,85086822,0,56724862,85086822,141811685,21.7244,4.90061,3690.99,2134.6,1258,351
istree_exp2_memory_static/step10036.txt,natarajan_ext_bst_lf,,reclaimer_debra,allocator_new,pool_none,30000,20,20,0,1,2000000,190,190,190,0,insertIfAbsent,1000150940998,1000647,1000150940998,1000647,success,46,1000646,1000647,2001293,1000647,2,1,1.5,25.3246,64041376,,,, 27444,,,2213939219,0,1475890083,2213939219,3689829302,73797973,0,49196336,73797973,122994310,16.871,4.35568,4274.25,2452.91,1228,233
istree_exp2_memory_static/step10037.txt,brown_ext_ist_lf,72,reclaimer_debra,allocator_new,pool_none,30000,20,20,0,1,20000000,190,190,190,0,insertIfAbsent,99999444912992,10001160,99999444912992,10001160,success,7,1902422,12026396,13928818,10001160,7.32162,0.831601,1.71802,4.0553,344649120,852 730877 6169866 154951003 388359,231 730628 6164521 154943530 388354,2922992,22130,,,1736376855,0,1157562478,1736376855,2893939333,57879228,0,38585415,57879228,96464644,28.684,15.3042,5314.2,3661.99,2942,379
istree_exp2_memory_static/step10038.txt,brown_ext_abtree_lf,208,reclaimer_debra,allocator_new,pool_none,30000,20,20,0,1,20000000,190,190,190,0,insertIfAbsent,100010169364621,9999842,100010169364621,9999842,success,10,327254,1955436,2282690,9999842,6.97529,5.11387,5.38073,9,474799520,,,,552 29150,,,2222964164,0,1481934330,2222964164,3704898494,74098805,0,49397811,74098805,123496616,22.8918,9.09951,4256,2410.96,2171,928
istree_exp2_memory_static/step10039.txt,bronson_pext_bst_occ,,reclaimer_debra,allocator_new,pool_none,30000,20,20,0,1,20000000,190,190,190,0,insertIfAbsent,99986671695012,9999767,99986671695012,9999767,success,29,6858881,5203969,12062850,9999767,1.75872,1.92157,1.82897,23.2153,675519600,,,,164 16344,,,1645141071,0,1096804540,1645141071,2741945611,54838035,0,36560151,54838035,91398187,32.6729,12.2916,5777.57,4158.44,2508,442
istree_exp2_memory_static/step10040.txt,natarajan_ext_bst_lf,,reclaimer_debra,allocator_new,pool_none,30000,20,20,0,1,20000000,190,190,190,0,insertIfAbsent,99991596647085,9997536,99991596647085,9997536,success,58,9997535,9997536,19995071,9997536,2,1,1.5,29.5893,639842272,,,, 14256,,,1290619178,0,860421628,1290619178,2151040806,43020639,0,28680720,43020639,71701360,29.2702,12.1305,7356.17,5291.15,2315,416
istree_exp2_memory_static/step10041.txt,brown_ext_ist_lf,72,reclaimer_debra,allocator_new,pool_none,30000,20,20,0,1,200000000,190,190,190,0,insertIfAbsent,10000808936082256,100003294,10000808936082256,100003294,success,7,11095250,110172059,121267309,100003294,10.9297,0.907701,1.82465,4.00169,2650375200,84 199960 6887877 77727033 13319610,20 199946 6887216 77726595 13319577,514694,12644,,,1500407309,0,1000237368,1500407309,2500644677,50013576,0,33341245,50013576,83354822,31.5763,17.6651,5694.27,4223.27,14424,1079
istree_exp2_memory_static/step10042.txt,brown_ext_abtree_lf,208,reclaimer_debra,allocator_new,pool_none,30000,20,20,0,1,200000000,190,190,190,0,insertIfAbsent,9999960049069788,99995864,9999960049069788,99995864,success,11,2667326,18224986,20892312,99995864,7.83268,5.48675,5.78625,10,4345600896,,,,3260 23776,,,1743931588,0,1162600969,1743931588,2906532557,58131052,0,38753365,58131052,96884418,29.5083,13.9201,5418.45,3548.86,9762,6264
istree_exp2_memory_static/step10043.txt,bronson_pext_bst_occ,,reclaimer_debra,allocator_new,pool_none,30000,20,20,0,1,200000000,190,190,190,0,insertIfAbsent,10000588391926264,100001484,10000588391926264,100001484,success,33,68326493,51810907,120137400,100001484,1.75828,1.93012,1.83239,26.6631,6727694400,,,,774 11746,,,1122891723,0,748590182,1122891723,1871481905,37429724,0,24953006,37429724,62382730,43.9636,21.37,8474.19,6815.18,10615,2770
istree_exp2_memory_static/step10044.txt,natarajan_ext_bst_lf,,reclaimer_debra,allocator_new,pool_none,30000,20,20,0,1,200000000,190,190,190,0,insertIfAbsent,10000777710722720,100007669,10000777710722720,100007669,success,68,100007668,100007669,200015337,100007669,2,1,1.5,35.3349,6400490784,,,,748 9918,,,902614555,0,601773517,902614555,1504388072,30087151,0,20059117,30087151,50146269,41.9808,21.6248,10539.7,8696.98,10964,2817
istree_exp2_memory_static/step10045.txt,brown_ext_ist_lf,72,reclaimer_debra,allocator_new,pool_none,30000,20,20,0,1,2000000000,190,190,190,0,insertIfAbsent,999986294230095040,1000019952,999986294230095040,1000019952,success,7,118790078,1151914733,1270704811,1000019952,10.6971,0.868137,1.78698,4.07349,27986385456,4 31794 3846265 65545069 18527837,1 31791 3846215 65545035 18527832,52893,13846,,,1444595533,0,963072122,1444595533,2407667655,48153184,0,32102404,48153184,80255588,30.521,19.6308,5811.27,4643,120718,9044
istree_exp2_memory_static/step10046.txt,brown_ext_abtree_lf,208,reclaimer_debra,allocator_new,pool_none,30000,20,20,0,1,2000000000,190,190,190,0,insertIfAbsent,1000017886979390530,1000001384,1000017886979390530,1000001384,success,12,20669072,142227188,162896260,1000001384,7.88116,7.03101,7.13888,11,33882422080,,,,26832 40268,,,1283485397,0,855635362,1283485397,2139120759,42782846,0,28521178,42782846,71304025,37.3464,21.326,7276.03,5587.83,62983,61583
istree_exp2_memory_static/step10047.txt,bronson_pext_bst_occ,,reclaimer_debra,allocator_new,pool_none,30000,20,20,0,1,2000000000,190,190,190,0,insertIfAbsent,999994235699278010,1000003589,999994235699278010,1000003589,success,37,597667635,450166255,1047833890,1000003589,1.75321,2.22141,1.95435,29.6355,58678697840,,,,7936 15368,,,768319818,0,512220960,768319818,1280540778,25610660,0,17074032,25610660,42684692,58.0146,32.9022,12384.4,10633.3,69550,32789
istree_exp2_memory_static/step10048.txt,natarajan_ext_bst_lf,,reclaimer_debra,allocator_new,pool_none,30000,20,20,0,1,2000000000,190,190,190,0,insertIfAbsent,1000014458388528488,1000002019,1000014458388528488,1000002019,success,84,1000002018,1000002019,2000004037,1000002019,2,1,1.5,42.0278,64000129184,,,,7824 14096,,,612377929,0,408230812,612377929,1020608741,20412597,0,13607693,20412597,34020291,57.1746,33.4063,15535.4,13248.5,69302,33827
