filename,DS_TYPENAME,size_node,RECLAIM,ALLOC,POOL,MILLIS_TO_RUN,INS,DEL,RQ,RQSIZE,MAXKEY,PREFILL_THREADS,TOTAL_THREADS,WORK_THREADS,RQ_THREADS,INSERT_FUNC,threads_final_keysum,threads_final_size,final_keysum,final_size,validate_result,tree_stats_height,tree_stats_numInternals,tree_stats_numLeaves,tree_stats_numNodes,tree_stats_numKeys,tree_stats_avgDegreeInternal,tree_stats_avgDegreeLeaves,tree_stats_avgDegree,tree_stats_avgKeyDepth,tree_stats_sizeInBytes,sum_num_try_rebuild_at_depth_by_index,sum_num_complete_rebuild_at_depth_by_index,sum_num_help_subtree_total,first_thread_announced_epoch_by_index,sum_elapsed_rebuild_depth_total,sum_elapsed_all_ops_total,total_find,total_rq,total_updates,total_queries,total_ops,find_throughput,rq_throughput,update_throughput,query_throughput,total_throughput,PAPI_L2_TCM,PAPI_L3_TCM,PAPI_TOT_CYC,PAPI_RES_STL,maxresident_mb,prefill_elapsed_ms
istree_exp3_disable_multicounter/step10001.txt,brown_ext_ist_lf_disabled,64,reclaimer_debra,allocator_new,pool_none,30000,0.5,0.5,0,1,2000000,190,190,190,0,insertIfAbsent,1000153106207,1000133,1000153106207,1000133,success,6,61988,1091197,1153185,1000133,18.6034,0.916547,1.86728,3.06061,21951520,319 48871 1521957 1494283,97 48589 1521873 1494271,74551,31212,34476275614,5686372731845,4812021427,0,48610015,4812021427,4860631442,160400714,0,1620333,160400714,162021048,11.1687,0.610734,3267.84,2517.76,1280,274
istree_exp3_disable_multicounter/step10002.txt,brown_ext_ist_lf_disabled,64,reclaimer_debra,allocator_new,pool_none,30000,0.5,0.5,0,1,20000000,190,190,190,0,insertIfAbsent,100010972792757,10000510,100010972792757,10000510,success,7,1892266,11999314,13891580,10000510,7.34124,0.833423,1.7199,4.05341,328253648,26 12573 715314 6287180 20989,8 12530 715303 6287165 20989,15045,24770,63146950699,5686373822410,4182526577,0,42252241,4182526577,4224778818,139417552,0,1408408,139417552,140825960,16.8695,6.67155,3730.19,2957.79,2468,381
istree_exp3_disable_multicounter/step10003.txt,brown_ext_ist_lf_disabled,64,reclaimer_debra,allocator_new,pool_none,30000,0.5,0.5,0,1,200000000,190,190,190,0,insertIfAbsent,9999914657377230,100001998,9999914657377230,100001998,success,7,14729953,117794739,132524692,100001998,8.99695,0.848951,1.75459,4.07614,2949448664,0 0 166050 3288729 571232,0 0 166050 3288729 571232,5,23742,12138306538,5686374747500,3956423576,0,39965520,3956423576,3996389096,131880785,0,1332184,131880785,133212969,19.6379,9.50747,3970.93,3229.06,8023,1145
istree_exp3_disable_multicounter/step10004.txt,brown_ext_ist_lf_disabled,64,reclaimer_debra,allocator_new,pool_none,30000,5,5,0,1,2000000,190,190,190,0,insertIfAbsent,999576895925,999765,999576895925,999765,success,6,64093,1095010,1159103,999765,18.0847,0.913019,1.86253,3.06518,22167688,5323 114202 3486722 3418661,222 110273 3484577 3418528,221127,7694,96435374538,5686375050727,1000579484,0,111172157,1000579484,1111751641,33352649,0,3705738,33352649,37058388,17.737,4.13562,14283.2,13317.8,1298,282
istree_exp3_disable_multicounter/step10005.txt,brown_ext_ist_lf_disabled,64,reclaimer_debra,allocator_new,pool_none,30000,5,5,0,1,20000000,190,190,190,0,insertIfAbsent,99988074948758,9999290,99988074948758,9999290,success,7,1906663,12036739,13943402,9999290,7.31299,0.830731,1.71713,4.05598,329909048,433 34719 1979365 16975168 57723,22 34227 1979145 16974929 57723,57384,7782,150135323931,5686374155199,1018205979,0,113157590,1018205979,1131363569,33940199,0,3771919,33940199,37712118,21.7676,9.16288,13888.7,12883.3,2541,362
istree_exp3_disable_multicounter/step10006.txt,brown_ext_ist_lf_disabled,64,reclaimer_debra,allocator_new,pool_none,30000,5,5,0,1,200000000,190,190,190,0,insertIfAbsent,9999480938076500,99999666,9999480938076500,99999666,success,7,14410521,117034462,131444983,99999666,9.12146,0.854446,1.76077,4.07064,2913042168,25 10046 1011593 9347749 1641034,2 9980 1011569 9347732 1641034,11284,7560,195886220316,5686376295373,1082259435,0,120236160,1082259435,1202495595,36075314,0,4007872,36075314,40083186,21.9931,10.7325,12841.2,11947.9,12751,1060
istree_exp3_disable_multicounter/step10007.txt,brown_ext_ist_lf_disabled,64,reclaimer_debra,allocator_new,pool_none,30000,20,20,0,1,2000000,190,190,190,0,insertIfAbsent,1000934071738,1000694,1000934071738,1000694,success,6,66235,1100440,1166675,1000694,17.6142,0.909358,1.85773,3.07,22414920,23415 194714 5689828 5577551,362 176954 5679584 5577053,498193,3168,204330609332,5686377863388,271724019,0,181182922,271724019,452906941,9057467,0,6039430,9057467,15096898,26.4018,10.8358,35045.6,33196.2,1328,303
istree_exp3_disable_multicounter/step10008.txt,brown_ext_ist_lf_disabled,64,reclaimer_debra,allocator_new,pool_none,30000,20,20,0,1,20000000,190,190,190,0,insertIfAbsent,100048930423061,10002485,100048930423061,10002485,success,7,1799880,11801276,13601156,10002485,7.5567,0.847577,1.73541,4.03483,318414416,1790 59189 3305609 27852783 95257,37 57299 3304544 27851629 95256,139744,3502,304114957580,5686378999052,279032478,0,186035083,279032478,465067561,9301082,0,6201169,9301082,15502252,32.8127,16.845,33539.3,31118,2680,355
istree_exp3_disable_multicounter/step10009.txt,brown_ext_ist_lf_disabled,64,reclaimer_debra,allocator_new,pool_none,30000,20,20,0,1,200000000,190,190,190,0,insertIfAbsent,10000313215315151,99999670,10000313215315151,99999670,success,7,14829530,118020512,132850042,99999670,8.95848,0.847308,1.75273,4.07879,2960340336,87 15009 1633737 15747877 2627128,3 14859 1633651 15747787 2627127,21758,3048,328956037755,5686428648345,281949052,0,187980491,281949052,469929543,9398301,0,6266016,9398301,15664318,30.648,16.1047,31844.2,30101.2,12926,1160
istree_exp3_disable_multicounter/step10010.txt,brown_ext_ist_lf_disabled,64,reclaimer_debra,allocator_new,pool_none,30000,0.5,0.5,0,1,2000000,190,190,190,0,insertIfAbsent,1001489920234,1000648,1001489920234,1000648,success,6,69750,1107881,1177631,1000648,16.8836,0.903209,1.84971,3.07774,22795696,371 49041 1522555 1495185,97 48739 1522445 1495179,75356,31054,34776771274,5686378818135,4818627704,0,48682656,4818627704,4867310360,160620923,0,1622755,160620923,162243678,11.3288,0.640519,3263.35,2508.65,1277,357
istree_exp3_disable_multicounter/step10011.txt,brown_ext_ist_lf_disabled,64,reclaimer_debra,allocator_new,pool_none,30000,0.5,0.5,0,1,20000000,190,190,190,0,insertIfAbsent,99959238532695,9996551,99959238532695,9996551,success,7,1888749,11987357,13876106,9996551,7.34672,0.833925,1.72041,4.05281,327807640,21 12539 715553 6271427 20991,8 12494 715543 6271421 20991,15845,24912,62153476625,5686379275582,4173770174,0,42158669,4173770174,4215928843,139125672,0,1405288,139125672,140530961,16.972,6.67733,3738.57,2972.24,2476,318
istree_exp3_disable_multicounter/step10012.txt,brown_ext_ist_lf_disabled,64,reclaimer_debra,allocator_new,pool_none,30000,0.5,0.5,0,1,200000000,190,190,190,0,insertIfAbsent,9999767632111370,100000331,9999767632111370,100000331,success,7,14723330,117784057,132507387,100000331,8.99982,0.849014,1.75468,4.07597,2948796256,0 0 169087 3302803 572754,0 0 169087 3302803 572754,3,23964,12079965154,5686380184576,3967613741,0,40087152,3967613741,4007700893,132253791,0,1336238,132253791,133590029,19.6218,9.50113,3959.57,3218.41,8025,1107
istree_exp3_disable_multicounter/step10013.txt,brown_ext_ist_lf_disabled,64,reclaimer_debra,allocator_new,pool_none,30000,5,5,0,1,2000000,190,190,190,0,insertIfAbsent,999492850581,999608,999492850581,999608,success,6,82080,1133152,1215232,999608,14.8055,0.882148,1.82257,3.1064,24129744,5220 114135 3487736 3423657,222 110414 3485661 3423531,222571,7708,96595421745,5686380307481,1001237599,0,111257788,1001237599,1112495387,33374586,0,3708592,33374586,37083179,17.7255,4.10727,14273.3,13312.9,1302,301
istree_exp3_disable_multicounter/step10014.txt,brown_ext_ist_lf_disabled,64,reclaimer_debra,allocator_new,pool_none,30000,5,5,0,1,20000000,190,190,190,0,insertIfAbsent,99997921741564,9996994,99997921741564,9996994,success,7,1881505,11992118,13873623,9996994,7.37368,0.83363,1.72058,4.04952,327389576,416 34746 2009873 17131396 58747,22 34246 2009668 17131164 58745,58505,7892,151667225842,5686460907962,1026502562,0,114051512,1026502562,1140554074,34216752,0,3801717,34216752,38018469,21.8892,9.1926,13771.4,12767.4,2539,353
istree_exp3_disable_multicounter/step10015.txt,brown_ext_ist_lf_disabled,64,reclaimer_debra,allocator_new,pool_none,30000,5,5,0,1,200000000,190,190,190,0,insertIfAbsent,10000447188419221,100005073,10000447188419221,100005073,success,7,14170970,116513246,130684216,100005073,9.22197,0.858315,1.76524,4.06548,2887052512,43 10016 1010732 9111423 1595965,2 9944 1010720 9111401 1595965,10122,7514,194400423381,5686942763311,1058985626,0,117648809,1058985626,1176634435,35299520,0,3921626,35299520,39221147,22.2588,10.8026,13131.3,12232.1,12727,1152
istree_exp3_disable_multicounter/step10016.txt,brown_ext_ist_lf_disabled,64,reclaimer_debra,allocator_new,pool_none,30000,20,20,0,1,2000000,190,190,190,0,insertIfAbsent,1000451603955,1000389,1000451603955,1000389,success,6,58937,1085047,1143984,1000389,19.4103,0.921978,1.87448,3.05393,21627720,23247 193454 5660888 5539628,360 176024 5650829 5539141,502847,3178,203675144020,5686382026701,270290966,0,180191206,270290966,450482172,9009698,0,6006373,9009698,15016072,26.3339,10.824,35233.3,33349.5,1328,252
istree_exp3_disable_multicounter/step10017.txt,brown_ext_ist_lf_disabled,64,reclaimer_debra,allocator_new,pool_none,30000,20,20,0,1,20000000,190,190,190,0,insertIfAbsent,99994297506556,9999755,99994297506556,9999755,success,7,1873865,11957119,13830984,9999755,7.38099,0.836301,1.723,4.04971,326246888,1829 59002 3307329 27989731 95977,37 57131 3306285 27988503 95976,138198,3520,303241634619,5686385533614,280301286,0,186875574,280301286,467176860,9343376,0,6229185,9343376,15572562,32.583,16.7177,33396,30979.8,2658,405
istree_exp3_disable_multicounter/step10018.txt,brown_ext_ist_lf_disabled,64,reclaimer_debra,allocator_new,pool_none,30000,20,20,0,1,200000000,190,190,190,0,insertIfAbsent,9999460760685729,100000094,9999460760685729,100000094,success,7,14741709,117827871,132569580,100000094,8.99282,0.848696,1.75432,4.07646,2950813960,94 15011 1677041 15961675 2648354,3 14859 1676945 15961569 2648353,23068,3158,321629439847,5686481986932,284589503,0,189751862,284589503,474341365,9486316,0,6325062,9486316,15811378,29.5803,15.5962,31755.2,30006.4,12832,1058
istree_exp3_disable_multicounter/step10019.txt,brown_ext_ist_lf_disabled,64,reclaimer_debra,allocator_new,pool_none,30000,0.5,0.5,0,1,2000000,190,190,190,0,insertIfAbsent,1000815132123,1000108,1000815132123,1000108,success,6,60205,1089535,1149740,1000108,19.0971,0.917922,1.86986,3.05932,21823240,320 48861 1522935 1493054,96 48608 1522843 1493047,67218,30484,34307602407,5686382759614,4801569486,0,48502087,4801569486,4850071573,160052316,0,1616736,160052316,161669052,11.3491,0.637491,3274.76,2524.81,1278,317
istree_exp3_disable_multicounter/step10020.txt,brown_ext_ist_lf_disabled,64,reclaimer_debra,allocator_new,pool_none,30000,0.5,0.5,0,1,20000000,190,190,190,0,insertIfAbsent,100000568139328,10001274,100000568139328,10001274,success,7,1897797,12012125,13909922,10001274,7.32951,0.832598,1.719,4.05451,328860872,26 12632 717302 6313725 21115,8 12576 717293 6313719 21115,16621,25028,63492760889,5686382947479,4197488102,0,42397264,4197488102,4239885366,139916270,0,1413242,139916270,141329512,16.884,6.66466,3716.37,2957.38,2477,369
istree_exp3_disable_multicounter/step10021.txt,brown_ext_ist_lf_disabled,64,reclaimer_debra,allocator_new,pool_none,30000,0.5,0.5,0,1,200000000,190,190,190,0,insertIfAbsent,10000071881913958,100001895,10000071881913958,100001895,success,7,14769366,117888756,132658122,100001895,8.98198,0.848273,1.75383,4.07718,2953836096,0 0 146877 3203326 561955,0 0 146876 3203326 561955,4,23502,11484498557,5686383518996,3886534718,0,39254662,3886534718,3925789380,129551157,0,1308488,129551157,130859646,19.6614,9.50441,4042.47,3284.53,8003,1113
istree_exp3_disable_multicounter/step10022.txt,brown_ext_ist_lf_disabled,64,reclaimer_debra,allocator_new,pool_none,30000,5,5,0,1,2000000,190,190,190,0,insertIfAbsent,999750650529,1000510,999750650529,1000510,success,6,84136,1139407,1223543,1000510,14.5424,0.878097,1.81772,3.11218,24399472,5334 113775 3478223 3412409,221 109899 3476172 3412296,208378,7780,95619346910,5686383541698,998017160,0,110888692,998017160,1108905852,33267238,0,3696289,33267238,36963528,17.7138,4.11111,14316.6,13353.9,1303,329
istree_exp3_disable_multicounter/step10023.txt,brown_ext_ist_lf_disabled,64,reclaimer_debra,allocator_new,pool_none,30000,5,5,0,1,20000000,190,190,190,0,insertIfAbsent,99989204075236,10000473,99989204075236,10000473,success,7,1897948,12023361,13921309,10000473,7.33493,0.831754,1.71836,4.05351,329071968,429 34813 1991881 17056520 58350,22 34298 1991661 17056280 58350,56668,7804,152627340260,5686383725460,1022708878,0,113637496,1022708878,1136346374,34090295,0,3787916,34090295,37878212,22.5742,9.45987,13816.3,12804.7,2551,346
istree_exp3_disable_multicounter/step10024.txt,brown_ext_ist_lf_disabled,64,reclaimer_debra,allocator_new,pool_none,30000,5,5,0,1,200000000,190,190,190,0,insertIfAbsent,9999308505357136,99996037,9999308505357136,99996037,success,7,13846991,115809655,129656646,99996037,9.36352,0.863452,1.77124,4.0586,2851985176,37 10054 1012459 8894322 1550145,2 9990 1012444 8894302 1550145,9860,7266,198479680820,5686751873517,1033058694,0,114788235,1033058694,1147846929,34435289,0,3826274,34435289,38261564,22.216,10.8214,13460.1,12559.4,12797,1137
istree_exp3_disable_multicounter/step10025.txt,brown_ext_ist_lf_disabled,64,reclaimer_debra,allocator_new,pool_none,30000,20,20,0,1,2000000,190,190,190,0,insertIfAbsent,1001543258918,1001438,1001543258918,1001438,success,6,50573,1068830,1119403,1001438,22.1344,0.936948,1.89462,3.03597,20752552,23292 194552 5675841 5557252,361 177140 5665735 5556710,497343,3156,204687794225,5686384400591,271021953,0,180656208,271021953,451678161,9034065,0,6021873,9034065,15055938,26.3561,10.8324,35135.4,33241.6,1327,321
istree_exp3_disable_multicounter/step10026.txt,brown_ext_ist_lf_disabled,64,reclaimer_debra,allocator_new,pool_none,30000,20,20,0,1,20000000,190,190,190,0,insertIfAbsent,100048407958416,10004056,100048407958416,10004056,success,7,1906708,12036699,13943407,10004056,7.31282,0.83113,1.71748,4.05619,329904064,1779 58927 3310991 28162223 97468,37 57007 3309887 28161080 97466,134833,3540,304375137176,5686385533332,281664830,0,187751085,281664830,469415915,9388827,0,6258369,9388827,15647197,32.719,16.8246,33227.2,30814.1,2670,374
istree_exp3_disable_multicounter/step10027.txt,brown_ext_ist_lf_disabled,64,reclaimer_debra,allocator_new,pool_none,30000,20,20,0,1,200000000,190,190,190,0,insertIfAbsent,10000526500812203,100004735,10000526500812203,100004735,success,7,14630660,117564319,132194979,100004735,9.03548,0.850638,1.75649,4.0735,2938456832,136 15126 1732918 16186143 2677388,3 14934 1732834 16186044 2677385,23415,2924,321271045428,5686384263100,287499416,0,191668511,287499416,479167927,9583313,0,6388950,9583313,15972264,31.9428,16.6073,31548.9,29797.7,12772,1046
istree_exp3_disable_multicounter/step10028.txt,brown_ext_ist_lf_enabled,72,reclaimer_debra,allocator_new,pool_none,30000,0.5,0.5,0,1,2000000,190,190,190,0,insertIfAbsent,1000284750247,1000229,1000284750247,1000229,success,6,53163,1072845,1126008,1000229,21.1803,0.932315,1.8883,3.04213,21438208,295 608670 295208 2431208,259 608085 295024 2431179,315933,89004,117963885759,5686384448373,12830199674,0,129586724,12830199674,12959786398,427673322,0,4319557,427673322,431992879,8.62844,0.413937,1202.21,461.425,1424,219
istree_exp3_disable_multicounter/step10029.txt,brown_ext_ist_lf_enabled,72,reclaimer_debra,allocator_new,pool_none,30000,0.5,0.5,0,1,20000000,190,190,190,0,insertIfAbsent,99969353523089,9998942,99969353523089,9998942,success,7,1663972,11517681,13181653,9998942,7.9218,0.868138,1.75855,4.00764,317400672,18 47448 400955 10039545 25173,15 47446 400936 10039508 25173,36790,45700,95712922632,5686385244008,7440091040,0,75152790,7440091040,7515243830,248003034,0,2505093,248003034,250508127,16.3573,6.65576,2082.21,1309.8,2770,387
istree_exp3_disable_multicounter/step10030.txt,brown_ext_ist_lf_enabled,72,reclaimer_debra,allocator_new,pool_none,30000,0.5,0.5,0,1,200000000,190,190,190,0,insertIfAbsent,9999288194136731,99997681,9999288194136731,99997681,success,7,12559555,113131288,125690843,99997681,10.0076,0.883908,1.79558,4.03157,2815510464,2 9997 343894 3941464 710555,1 9997 343894 3941464 710555,4171,32504,119791479470,5686434545914,5625222435,0,56818597,5625222435,5682041032,187507414,0,1893953,187507414,189401367,19.4548,9.58466,2733.43,1979.16,13353,1079
istree_exp3_disable_multicounter/step10031.txt,brown_ext_ist_lf_enabled,72,reclaimer_debra,allocator_new,pool_none,30000,5,5,0,1,2000000,190,190,190,0,insertIfAbsent,999177149883,999051,999177149883,999051,success,6,54993,1075993,1130986,999051,20.566,0.928492,1.88335,3.04604,21636928,2780 3452793 1680057 13789681,1470 3431822 1673344 13788302,8095348,50130,883849119403,5686386609768,6610113456,0,734469936,6610113456,7344583392,220337115,0,24482331,220337115,244819446,12.3656,3.15853,2147.36,1313.48,1621,379
istree_exp3_disable_multicounter/step10032.txt,brown_ext_ist_lf_enabled,72,reclaimer_debra,allocator_new,pool_none,30000,5,5,0,1,20000000,190,190,190,0,insertIfAbsent,100017988455965,9999448,100017988455965,9999448,success,7,1777488,11752493,13529981,9999448,7.61186,0.850836,1.73906,4.03035,330240672,206 347977 2931165 73671078 185520,110 347932 2929983 73669703 185518,839830,35800,554596732618,5686385217725,4957236191,0,550824787,4957236191,5508060978,165241206,0,18360826,165241206,183602032,19.2441,8.56281,2820.79,1894.25,2869,383
istree_exp3_disable_multicounter/step10033.txt,brown_ext_ist_lf_enabled,72,reclaimer_debra,allocator_new,pool_none,30000,5,5,0,1,200000000,190,190,190,0,insertIfAbsent,9999626699984641,100000647,9999626699984641,100000647,success,7,14859966,118060389,132920355,100000647,8.94486,0.84703,1.75234,4.08038,3081693136,11 79994 2760593 32826086 5713917,8 79987 2760452 32826009 5713906,131746,19052,570717630430,5686632609211,3849678782,0,427777649,3849678782,4277456431,128322626,0,14259254,128322626,142581881,22.2029,11.2865,3433.98,2552.56,14270,1149
istree_exp3_disable_multicounter/step10034.txt,brown_ext_ist_lf_enabled,72,reclaimer_debra,allocator_new,pool_none,30000,20,20,0,1,2000000,190,190,190,0,insertIfAbsent,1000862106862,1000455,1000862106862,1000455,success,6,54071,1075160,1129231,1000455,20.8842,0.930517,1.88596,3.04404,21549840,6927 5457402 2654495 21761201,2321 5398778 2635209 21757084,24588188,20940,1785073504800,5686387675965,1739774551,0,1159795347,1739774551,2899569898,57992485,0,38659844,57992485,96652329,25.0308,11.9498,5469.77,4166.6,1758,356
istree_exp3_disable_multicounter/step10035.txt,brown_ext_ist_lf_enabled,72,reclaimer_debra,allocator_new,pool_none,30000,20,20,0,1,20000000,190,190,190,0,insertIfAbsent,99949978079096,9997206,99949978079096,9997206,success,7,1704537,11598412,13302949,9997206,7.80444,0.861946,1.7515,4.01586,321937680,839 734001 6187210 155261991 389482,232 733762 6182056 155254595 389472,2939248,22018,1162796130121,5686538843628,1740364941,0,1160181679,1740364941,2900546620,58012164,0,38672722,58012164,96684887,28.6554,15.3133,5298.35,3613.82,2938,390
istree_exp3_disable_multicounter/step10036.txt,brown_ext_ist_lf_enabled,72,reclaimer_debra,allocator_new,pool_none,30000,20,20,0,1,200000000,190,190,190,0,insertIfAbsent,9998417224710944,99991700,9998417224710944,99991700,success,7,11653555,111284343,122937898,99991700,10.5494,0.898524,1.81335,4.01299,2712956128,64 199979 6884311 77739228 13328930,20 199956 6883703 77738756 13328900,518197,12726,1141379068891,5686892112458,1504015826,0,1002692786,1504015826,2506708612,50133860,0,33423092,50133860,83556953,31.6073,17.6595,5687.69,4211.6,14420,1107
istree_exp3_disable_multicounter/step10037.txt,brown_ext_ist_lf_enabled,72,reclaimer_debra,allocator_new,pool_none,30000,0.5,0.5,0,1,2000000,190,190,190,0,insertIfAbsent,1000459076577,999566,1000459076577,999566,success,6,55352,1076449,1131801,999566,20.4473,0.928577,1.88316,3.04677,21673760,296 611430 296761 2440923,260 610844 296571 2440882,320433,89930,118009083094,5686385841124,12888441911,0,130164249,12888441911,13018606160,429614730,0,4338808,429614730,433953538,8.64398,0.417095,1198.57,464.212,1425,343
istree_exp3_disable_multicounter/step10038.txt,brown_ext_ist_lf_enabled,72,reclaimer_debra,allocator_new,pool_none,30000,0.5,0.5,0,1,20000000,190,190,190,0,insertIfAbsent,99999898449582,9998638,99999898449582,9998638,success,7,1667951,11525688,13193639,9998638,7.91009,0.867509,1.75784,4.00854,317847136,17 47444 399142 10041981 25226,15 47443 399119 10041949 25226,39241,46376,95045923448,5686386389624,7440327903,0,75163539,7440327903,7515491442,248010930,0,2505451,248010930,250516381,16.3113,6.65594,2082.25,1304.86,2771,402
istree_exp3_disable_multicounter/step10039.txt,brown_ext_ist_lf_enabled,72,reclaimer_debra,allocator_new,pool_none,30000,0.5,0.5,0,1,200000000,190,190,190,0,insertIfAbsent,9999888594507538,100006202,9999888594507538,100006202,success,7,12612890,113245661,125858551,100006202,9.97857,0.883091,1.79459,4.03267,2821650400,1 9999 344886 3949724 714570,1 9999 344885 3949719 714570,4164,33046,117859913897,5686435420195,5650137014,0,57068349,5650137014,5707205363,188337900,0,1902278,188337900,190240178,19.4163,9.57086,2721.93,1968.61,13340,1114
istree_exp3_disable_multicounter/step10040.txt,brown_ext_ist_lf_enabled,72,reclaimer_debra,allocator_new,pool_none,30000,5,5,0,1,2000000,190,190,190,0,insertIfAbsent,1001193433563,1000892,1001193433563,1000892,success,6,33079,1033019,1066098,1000892,32.2288,0.9689,1.93884,3.00009,19174608,2833 3440338 1673356 13729353,1465 3419600 1666635 13728036,8009296,50060,877288380424,5686413499064,6584015402,0,731582908,6584015402,7315598310,219467180,0,24386096,219467180,243853277,12.3526,3.16035,2157.23,1313.19,1601,326
istree_exp3_disable_multicounter/step10041.txt,brown_ext_ist_lf_enabled,72,reclaimer_debra,allocator_new,pool_none,30000,5,5,0,1,20000000,190,190,190,0,insertIfAbsent,100036838523441,10001773,100036838523441,10001773,success,7,1661454,11515312,13176766,10001773,7.93086,0.868563,1.75905,4.00713,317161312,187 347990 2936042 73615527 185210,110 347929 2934796 73614210 185210,842409,36086,555539708546,5686398553082,4951469164,0,550146430,4951469164,5501615594,165048972,0,18338214,165048972,183387186,19.2473,8.5651,2821.86,1891.8,2873,399
istree_exp3_disable_multicounter/step10042.txt,brown_ext_ist_lf_enabled,72,reclaimer_debra,allocator_new,pool_none,30000,5,5,0,1,200000000,190,190,190,0,insertIfAbsent,10000076317164415,99998747,10000076317164415,99998747,success,7,14889819,118120362,133010181,99998747,8.93296,0.846583,1.75181,4.08104,3085129184,11 79994 2762409 32927072 5719089,8 79991 2762282 32926997 5719084,130652,19188,567550168973,5686569846918,3857404846,0,428606163,3857404846,4286011009,128580161,0,14286872,128580161,142867033,22.2029,11.2739,3426.42,2550.15,14278,1043
istree_exp3_disable_multicounter/step10043.txt,brown_ext_ist_lf_enabled,72,reclaimer_debra,allocator_new,pool_none,30000,20,20,0,1,2000000,190,190,190,0,insertIfAbsent,999110031434,998768,999110031434,998768,success,6,54781,1074809,1129590,998768,20.6201,0.929252,1.88419,3.0456,21601760,7029 5462139 2650623 21770522,2322 5403210 2631577 21766497,24554171,20956,1781223677283,5686388345679,1740235264,0,1160190122,1740235264,2900425386,58007842,0,38673004,58007842,96680846,25.0143,11.9569,5466.72,4160.73,1752,234
istree_exp3_disable_multicounter/step10044.txt,brown_ext_ist_lf_enabled,72,reclaimer_debra,allocator_new,pool_none,30000,20,20,0,1,20000000,190,190,190,0,insertIfAbsent,100017107834633,9999452,100017107834633,9999452,success,7,1625825,11441866,13067691,9999452,8.03758,0.873935,1.7652,4.00001,313135840,856 734051 6192557 155255292 390480,232 733803 6187214 155247788 390469,2934187,22076,1163360406731,5688170544617,1739824642,0,1159894014,1739824642,2899718656,57994154,0,38663133,57994154,96657288,28.6544,15.3138,5304.17,3615.74,2941,423
istree_exp3_disable_multicounter/step10045.txt,brown_ext_ist_lf_enabled,72,reclaimer_debra,allocator_new,pool_none,30000,20,20,0,1,200000000,190,190,190,0,insertIfAbsent,9999324761765423,99992642,9999324761765423,99992642,success,7,12028928,112045033,124073961,99992642,10.3146,0.892433,1.80591,4.02065,2755328480,68 199977 6886473 77744983 13339149,20 199955 6885855 77744522 13339117,512594,12772,1135121827884,5686949652599,1506378113,0,1004248829,1506378113,2510626942,50212603,0,33474960,50212603,83687564,31.5078,17.6226,5674.29,4198.3,14388,1133
istree_exp3_disable_multicounter/step10046.txt,brown_ext_ist_lf_enabled,72,reclaimer_debra,allocator_new,pool_none,30000,0.5,0.5,0,1,2000000,190,190,190,0,insertIfAbsent,999024926746,998673,999024926746,998673,success,6,54634,1074625,1129259,998673,20.6695,0.929322,1.88436,3.04524,21586176,295 609658 296478 2437277,259 609037 296255 2437230,312124,89700,118331925176,5686386379957,12855954850,0,129846220,12855954850,12985801070,428531828,0,4328207,428531828,432860035,8.6643,0.415742,1201.59,459.206,1425,439
istree_exp3_disable_multicounter/step10047.txt,brown_ext_ist_lf_enabled,72,reclaimer_debra,allocator_new,pool_none,30000,0.5,0.5,0,1,20000000,190,190,190,0,insertIfAbsent,100017375333092,10002346,100017375333092,10002346,success,7,1716302,11626996,13343298,10002346,7.77445,0.860269,1.74962,4.0181,323336272,16 47445 401336 10052221 25474,15 47445 401316 10052188 25474,38541,45566,97865868761,5686386909253,7465862096,0,75425349,7465862096,7541287445,248862069,0,2514178,248862069,251376248,16.3921,6.65186,2074.18,1302.6,2771,386
istree_exp3_disable_multicounter/step10048.txt,brown_ext_ist_lf_enabled,72,reclaimer_debra,allocator_new,pool_none,30000,0.5,0.5,0,1,200000000,190,190,190,0,insertIfAbsent,10000400801656846,99998589,10000400801656846,99998589,success,7,12593131,113201041,125794172,99998589,9.98911,0.883372,1.79494,4.03227,2819344768,1 10000 344375 3947007 712926,1 10000 344373 3947005 712926,4472,32876,117444434831,5686386559499,5641463688,0,56983148,5641463688,5698446836,188048789,0,1899438,188048789,189948227,19.5081,9.58198,2725.79,1969.93,13340,1059
istree_exp3_disable_multicounter/step10049.txt,brown_ext_ist_lf_enabled,72,reclaimer_debra,allocator_new,pool_none,30000,5,5,0,1,2000000,190,190,190,0,insertIfAbsent,998923030868,998936,998923030868,998936,success,6,55088,1076040,1131128,998936,20.5331,0.928345,1.88313,3.04627,21646464,2773 3446874 1674211 13763112,1467 3425903 1667454 13761770,8053467,49836,880568791690,5686387369666,6597014740,0,733007565,6597014740,7330022305,219900491,0,24433585,219900491,244334076,12.371,3.15501,2152.02,1315.16,1610,365
istree_exp3_disable_multicounter/step10050.txt,brown_ext_ist_lf_enabled,72,reclaimer_debra,allocator_new,pool_none,30000,5,5,0,1,20000000,190,190,190,0,insertIfAbsent,99977721159029,9998583,99977721159029,9998583,success,7,1792939,11787550,13580489,9998583,7.57443,0.848232,1.73625,4.03428,332039760,201 347987 2935006 73552690 184636,109 347912 2933828 73551382 184632,838387,36092,552140945817,5686386711750,4945860864,0,549566970,4945860864,5495427834,164862028,0,18318899,164862028,183180927,19.2407,8.55517,2827.34,1893.51,2870,443
istree_exp3_disable_multicounter/step10051.txt,brown_ext_ist_lf_enabled,72,reclaimer_debra,allocator_new,pool_none,30000,5,5,0,1,200000000,190,190,190,0,insertIfAbsent,10000108918920636,100003262,10000108918920636,100003262,success,7,14846813,118018787,132865600,100003262,8.9491,0.84735,1.75266,4.0801,3079915344,10 79979 2756360 32763462 5702860,8 79974 2756235 32763371 5702846,131493,19106,570926884296,5686587056308,3845622441,0,427317711,3845622441,4272940152,128187414,0,14243923,128187414,142431338,22.206,11.2841,3436.22,2552.17,14269,1163
istree_exp3_disable_multicounter/step10052.txt,brown_ext_ist_lf_enabled,72,reclaimer_debra,allocator_new,pool_none,30000,20,20,0,1,2000000,190,190,190,0,insertIfAbsent,999629101112,1000014,999629101112,1000014,success,6,49043,1064271,1113314,1000014,22.7008,0.939623,1.89823,3.03288,20959984,7104 5481135 2659655 21855328,2331 5422059 2640281 21851252,24790846,21010,1790532704091,5686386919518,1746199504,0,1164119552,1746199504,2910319056,58206650,0,38803985,58206650,97010635,25.0263,11.9655,5449.01,4149.25,1755,349
istree_exp3_disable_multicounter/step10053.txt,brown_ext_ist_lf_enabled,72,reclaimer_debra,allocator_new,pool_none,30000,20,20,0,1,20000000,190,190,190,0,insertIfAbsent,100000772885432,10001193,100000772885432,10001193,success,7,1901518,12023926,13925444,10001193,7.32333,0.831774,1.7182,4.0551,344537968,804 734098 6189763 155657008 390612,232 733838 6184421 155649514 390602,2961810,22142,1163580053927,5686388705113,1744035020,0,1162706858,1744035020,2906741878,58134500,0,38756895,58134500,96891395,28.6082,15.3046,5287.49,3609.25,2938,433
istree_exp3_disable_multicounter/step10054.txt,brown_ext_ist_lf_enabled,72,reclaimer_debra,allocator_new,pool_none,30000,20,20,0,1,200000000,190,190,190,0,insertIfAbsent,9999667285613674,99996202,9999667285613674,99996202,success,7,11152663,110281723,121434386,99996202,10.8884,0.906734,1.82346,4.00286,2656727136,72 199965 6884161 77736616 13316879,20 199940 6883530 77736118 13316857,513394,12820,1150559081042,5689744721127,1500850158,0,1000531533,1500850158,2501381691,50028338,0,33351051,50028338,83379389,31.5584,17.6589,5688.15,4206.23,14405,1093
