filename,DS_TYPENAME,size_node,RECLAIM,ALLOC,POOL,MILLIS_TO_RUN,INS,DEL,RQ,RQSIZE,MAXKEY,PREFILL_THREADS,TOTAL_THREADS,WORK_THREADS,RQ_THREADS,INSERT_FUNC,threads_final_keysum,threads_final_size,final_keysum,final_size,validate_result,tree_stats_height,tree_stats_numInternals,tree_stats_numLeaves,tree_stats_numNodes,tree_stats_numKeys,tree_stats_avgDegreeInternal,tree_stats_avgDegreeLeaves,tree_stats_avgKeyDepth,tree_stats_sizeInBytes,sum_num_try_rebuild_at_depth_by_index,sum_num_complete_rebuild_at_depth_by_index,sum_num_help_subtree_total,first_thread_announced_epoch_by_index,sum_duration_all_ops_total,sum_duration_markAndCount_total,sum_duration_wastedWorkBuilding_total,sum_duration_buildAndReplace_total,sum_duration_rotateAndFree_total,sum_duration_traverseAndRetire_total,total_find,total_rq,total_updates,total_queries,total_ops,find_throughput,rq_throughput,update_throughput,query_throughput,total_throughput,PAPI_L2_TCM,PAPI_L3_TCM,PAPI_TOT_CYC,PAPI_RES_STL,maxresident_mb,prefill_elapsed_ms
istree_exp4_disable_rebuild_helping/step10001.txt,brown_ext_ist_lf_disabled,72,reclaimer_debra,allocator_new,pool_none,60000,0.5,0.5,0,1,2000000,190,190,190,0,insertIfAbsent,1000374343650,1000332,1000374343650,1000332,success,6,33076,1032449,1065525,1000332,32.2144,0.968892,3.00008,19165248,404 839960 408995 3355056,358 839169 408730 3355005,,122320,,,,,,,17694314315,0,178746064,17694314315,17873060379,294905238,0,2979101,294905238,297884339,8.52752,0.393189,1745.68,409.858,2833,291
istree_exp4_disable_rebuild_helping/step10002.txt,brown_ext_ist_lf_disabled,72,reclaimer_debra,allocator_new,pool_none,60000,0.5,0.5,0,1,20000000,190,190,190,0,insertIfAbsent,99993474445718,9997061,99993474445718,9997061,success,7,1804536,11810561,13615097,9997061,7.54493,0.846451,4.03667,333336464,20 66421 558959 14015848 35167,20 66419 558919 14015807 35167,,63844,,,,,,,10369126682,0,104726313,10369126682,10473852995,172818778,0,1745438,172818778,174564216,16.0744,6.59808,2991.13,1248.52,3761,353
istree_exp4_disable_rebuild_helping/step10003.txt,brown_ext_ist_lf_disabled,72,reclaimer_debra,allocator_new,pool_none,60000,0.5,0.5,0,1,200000000,190,190,190,0,insertIfAbsent,9999747247632906,99994890,9999747247632906,99994890,success,7,12333924,112676703,125010627,99994890,10.1355,0.88745,4.02555,2790691152,1 16918 678384 7728055 1307307,1 16918 678379 7728053 1307307,,57524,,,,,,,9514724228,0,96095474,9514724228,9610819702,158578737,0,1601591,158578737,160180328,19.3651,9.63343,3200.82,1969.94,13578,1075
istree_exp4_disable_rebuild_helping/step10004.txt,brown_ext_ist_lf_disabled,72,reclaimer_debra,allocator_new,pool_none,60000,0.5,0.5,0,1,2000000000,190,190,190,0,insertIfAbsent,999986285539845112,1000001833,999986285539845112,1000001833,success,7,104127951,1118619474,1222747425,1000001833,11.7427,0.893961,4.0404,26239752736,0 0 0 605032 793544,0 0 0 605032 793544,,51266,,,,,,,8639154346,0,87264300,8639154346,8726418646,143985905,0,1454405,143985905,145440310,22.1665,14.135,3635.65,2892.62,62229,9090
istree_exp4_disable_rebuild_helping/step10005.txt,brown_ext_ist_lf_disabled,72,reclaimer_debra,allocator_new,pool_none,60000,5,5,0,1,2000000,190,190,190,0,insertIfAbsent,1000315287261,1000355,1000315287261,1000355,success,6,55144,1077038,1132182,1000355,20.5314,0.928802,3.04631,21666416,1534 1955092 950065 7806856,832 1944269 946805 7806118,,36714,,,,,,,3742858941,0,415847410,3742858941,4158706351,62380982,0,6930790,62380982,69311772,11.5361,2.79918,7439.94,1119.56,3177,318
istree_exp4_disable_rebuild_helping/step10006.txt,brown_ext_ist_lf_disabled,72,reclaimer_debra,allocator_new,pool_none,60000,5,5,0,1,20000000,190,190,190,0,insertIfAbsent,99963530440149,9996346,99963530440149,9996346,success,7,1625312,11438302,13063614,9996346,8.0376,0.873936,4.00001,313037776,49 117040 987922 24758501 62175,37 117031 987694 24758074 62175,,21020,,,,,,,1664782402,0,185001021,1664782402,1849783423,27746373,0,3083350,27746373,30829723,18.5458,8.23509,14436.9,1647.3,4961,456
istree_exp4_disable_rebuild_helping/step10007.txt,brown_ext_ist_lf_disabled,72,reclaimer_debra,allocator_new,pool_none,60000,5,5,0,1,200000000,190,190,190,0,insertIfAbsent,10000598335215698,100004527,10000598335215698,100004527,success,7,12067291,112118647,124185938,100004527,10.2911,0.891953,4.02014,2760075280,6 37949 1372715 15508827 2641399,3 37948 1372686 15508798 2641398,,28258,,,,,,,1768709378,0,196514954,1768709378,1965224332,29478489,0,3275249,29478489,32753738,22.1366,11.0544,10705.2,2331.15,17110,1236
istree_exp4_disable_rebuild_helping/step10008.txt,brown_ext_ist_lf_disabled,72,reclaimer_debra,allocator_new,pool_none,60000,5,5,0,1,2000000000,190,190,190,0,insertIfAbsent,999997345382533990,999995804,999997345382533990,999995804,success,7,84465084,1078800420,1163265504,999995804,13.7721,0.926952,4,24018013424,1 31602 2150502 33463237 9431239,1 31602 2150489 33463229 9431239,,28512,,,,,,,4500149459,0,500003455,4500149459,5000152914,75002490,0,8333390,75002490,83335881,25.1798,16.0233,11657.3,3625.65,105160,9047
istree_exp4_disable_rebuild_helping/step10009.txt,brown_ext_ist_lf_disabled,72,reclaimer_debra,allocator_new,pool_none,60000,20,20,0,1,2000000,190,190,190,0,insertIfAbsent,999535088430,999780,999535088430,999780,success,6,33053,1031874,1064927,999780,32.2188,0.968897,3.0001,19154208,1460 1675669 815242 6683149,713 1664537 810727 6682132,,10692,,,,,,,534201823,0,356130855,534201823,890332678,8903363,0,5935514,8903363,14838877,20.8058,9.74556,34055.3,3355.54,4104,298
istree_exp4_disable_rebuild_helping/step10010.txt,brown_ext_ist_lf_disabled,72,reclaimer_debra,allocator_new,pool_none,60000,20,20,0,1,20000000,190,190,190,0,insertIfAbsent,100031382029138,10002946,100031382029138,10002946,success,7,1625833,11445366,13071199,10002946,8.03969,0.873973,4.00001,313192480,78 123363 1039127 26096864 65806,39 123349 1038776 26096180 65805,,11764,,,,,,,292475603,0,194988226,292475603,487463829,4874593,0,3249803,4874593,8124397,26.3142,13.8194,51507.9,2868.35,5581,436
istree_exp4_disable_rebuild_helping/step10011.txt,brown_ext_ist_lf_disabled,72,reclaimer_debra,allocator_new,pool_none,60000,20,20,0,1,200000000,190,190,190,0,insertIfAbsent,9999683452009179,100002242,9999683452009179,100002242,success,7,11776052,111490467,123266519,100002242,10.4676,0.896958,4.0143,2726213776,10 39540 1376587 15528178 2647072,3 39536 1376527 15528114 2647065,,14562,,,,,,,296483222,0,197663809,296483222,494147031,4941387,0,3294396,4941387,8235783,31.0628,16.5493,32973,3179.55,18048,1113
istree_exp4_disable_rebuild_helping/step10012.txt,brown_ext_ist_lf_disabled,72,reclaimer_debra,allocator_new,pool_none,60000,20,20,0,1,2000000000,190,190,190,0,insertIfAbsent,1000020169139089308,999997483,1000020169139089308,999997483,success,7,84465082,1078802095,1163267177,999997483,13.7722,0.926952,4,24018040064,1 31588 2149855 33459446 9434609,1 31584 2149825 33459423 9434609,,7740,,,,,,,750113242,0,500035701,750113242,1250148943,12501887,0,8333928,12501887,20835815,32.7512,20.9573,35562.4,4662.05,121935,9059
istree_exp4_disable_rebuild_helping/step10013.txt,brown_ext_ist_lf_disabled,72,reclaimer_debra,allocator_new,pool_none,60000,0.5,0.5,0,1,2000000,190,190,190,0,insertIfAbsent,998724278202,999153,998724278202,999153,success,6,54097,1074323,1128420,999153,20.8592,0.93003,3.04412,21537936,398 832472 403768 3327357,354 831752 403501 3327299,,121170,,,,,,,17546310200,0,177233961,17546310200,17723544161,292438503,0,2953899,292438503,295392402,8.5347,0.392844,1757.87,413.924,2609,318
istree_exp4_disable_rebuild_helping/step10014.txt,brown_ext_ist_lf_disabled,72,reclaimer_debra,allocator_new,pool_none,60000,0.5,0.5,0,1,20000000,190,190,190,0,insertIfAbsent,100015895111156,10000048,100015895111156,10000048,success,7,1796485,11791042,13587527,10000048,7.5634,0.848106,4.03416,332378016,23 63256 533659 13453430 33865,20 63256 533628 13453388 33865,,60796,,,,,,,9998103220,0,100986566,9998103220,10099089786,166635053,0,1683109,166635053,168318163,16.0605,6.59725,3100.84,1246.79,3922,307
istree_exp4_disable_rebuild_helping/step10015.txt,brown_ext_ist_lf_disabled,72,reclaimer_debra,allocator_new,pool_none,60000,0.5,0.5,0,1,200000000,190,190,190,0,insertIfAbsent,9999076520853294,99993030,9999076520853294,99993030,success,7,11912612,111782286,123694898,99993030,10.3835,0.894534,4.01705,2742096112,1 18606 685896 7742785 1309776,1 18605 685892 7742784 1309776,,59058,,,,,,,9584709213,0,96832094,9584709213,9681541307,159745153,0,1613868,159745153,161359021,19.3801,9.63605,3120.51,1957.63,13527,1107
istree_exp4_disable_rebuild_helping/step10016.txt,brown_ext_ist_lf_disabled,72,reclaimer_debra,allocator_new,pool_none,60000,0.5,0.5,0,1,2000000000,190,190,190,0,insertIfAbsent,1000004906404584749,999998345,1000004906404584749,999998345,success,7,104115381,1118589655,1222705036,999998345,11.7438,0.893981,4.04038,26238363744,0 0 0 604111 792656,0 0 0 604111 792656,,51454,,,,,,,8634366190,0,87208162,8634366190,8721574352,143906103,0,1453469,143906103,145359572,22.1526,14.1435,3637.16,2899.79,62227,8970
istree_exp4_disable_rebuild_helping/step10017.txt,brown_ext_ist_lf_disabled,72,reclaimer_debra,allocator_new,pool_none,60000,5,5,0,1,2000000,190,190,190,0,insertIfAbsent,1000653323563,1000386,1000653323563,1000386,success,6,33087,1032508,1065595,1000386,32.2059,0.968889,3.0001,19167072,1523 1975620 958735 7883612,841 1964656 955303 7882828,,38044,,,,,,,3780183784,0,420055816,3780183784,4200239600,63003063,0,7000930,63003063,70003993,11.5521,2.80094,7357.63,1119.41,3143,262
istree_exp4_disable_rebuild_helping/step10018.txt,brown_ext_ist_lf_disabled,72,reclaimer_debra,allocator_new,pool_none,60000,5,5,0,1,20000000,190,190,190,0,insertIfAbsent,99974433569551,9997085,99974433569551,9997085,success,7,1773731,11754487,13528218,9997085,7.62698,0.850491,4.02969,329990160,49 122037 1035685 25956553 65408,38 122028 1035469 25956122 65407,,22256,,,,,,,1743107134,0,193663361,1743107134,1936770495,29051785,0,3227722,29051785,32279508,18.5769,8.2346,13648.6,1689.2,4932,386
istree_exp4_disable_rebuild_helping/step10019.txt,brown_ext_ist_lf_disabled,72,reclaimer_debra,allocator_new,pool_none,60000,5,5,0,1,200000000,190,190,190,0,insertIfAbsent,10000451445750557,99998263,10000451445750557,99998263,success,7,11991560,111951369,123942929,99998263,10.3358,0.893229,4.01862,2751231168,3 38257 1371231 15511806 2640125,3 38256 1371202 15511786 2640125,,28694,,,,,,,1770054639,0,196675460,1770054639,1966730099,29500910,0,3277924,29500910,32778834,22.1369,11.0741,10704.7,2327.46,18785,1132
istree_exp4_disable_rebuild_helping/step10020.txt,brown_ext_ist_lf_disabled,72,reclaimer_debra,allocator_new,pool_none,60000,5,5,0,1,2000000000,190,190,190,0,insertIfAbsent,999974422767155189,999988094,999974422767155189,999988094,success,7,84465071,1078792696,1163257767,999988094,13.7721,0.926951,4,24017888800,1 31590 2149284 33461176 9428926,1 31587 2149268 33461168 9428926,,28570,,,,,,,4499878005,0,499975544,4499878005,4999853549,74997966,0,8332925,74997966,83330892,25.1705,16.0355,11709.5,3650.73,104129,9425
istree_exp4_disable_rebuild_helping/step10021.txt,brown_ext_ist_lf_disabled,72,reclaimer_debra,allocator_new,pool_none,60000,20,20,0,1,2000000,190,190,190,0,insertIfAbsent,999928380163,1000030,999928380163,1000030,success,6,33076,1032151,1065227,1000030,32.2054,0.96888,3.00008,19160480,1462 1664287 809828 6632170,708 1653393 805339 6631164,,10670,,,,,,,530417987,0,353631981,530417987,884049968,8840299,0,5893866,8840299,14734166,20.8523,9.73148,34336.6,3360.81,4087,376
istree_exp4_disable_rebuild_helping/step10022.txt,brown_ext_ist_lf_disabled,72,reclaimer_debra,allocator_new,pool_none,60000,20,20,0,1,20000000,190,190,190,0,insertIfAbsent,99997360825390,9997504,99997360825390,9997504,success,7,1625328,11439482,13064810,9997504,8.03826,0.873947,4.00001,313057936,99 120208 1014597 25435495 63797,38 120198 1014262 25434745 63797,,12572,,,,,,,285000073,0,190008770,285000073,475008843,4750001,0,3166812,4750001,7916814,26.3424,13.8175,52721.2,2798.22,5467,427
istree_exp4_disable_rebuild_helping/step10023.txt,brown_ext_ist_lf_disabled,72,reclaimer_debra,allocator_new,pool_none,60000,20,20,0,1,200000000,190,190,190,0,insertIfAbsent,9999392644179753,99997490,9999392644179753,99997490,success,7,11947965,111858621,123806586,99997490,10.3621,0.893963,4.01774,2746197920,5 38448 1373602 15515449 2641673,3 38447 1373565 15515396 2641669,,17166,,,,,,,295119239,0,196768488,295119239,491887727,4918653,0,3279474,4918653,8198128,30.9844,16.49,35003.8,3063.48,18324,1058
istree_exp4_disable_rebuild_helping/step10024.txt,brown_ext_ist_lf_disabled,72,reclaimer_debra,allocator_new,pool_none,60000,20,20,0,1,2000000000,190,190,190,0,insertIfAbsent,1000005208104202883,999995353,1000005208104202883,999995353,success,7,84465078,1078799969,1163265047,999995353,13.7721,0.926952,4,24018005728,5 31587 2148985 33468865 9432455,1 31586 2148968 33468839 9432453,,7738,,,,,,,750015966,0,499971736,750015966,1249987702,12500266,0,8332862,12500266,20833128,32.767,20.9563,30953.5,4681.01,121934,8999
istree_exp4_disable_rebuild_helping/step10025.txt,brown_ext_ist_lf_disabled,72,reclaimer_debra,allocator_new,pool_none,60000,0.5,0.5,0,1,2000000,190,190,190,0,insertIfAbsent,999739220826,1000134,999739220826,1000134,success,6,53676,1073843,1127519,1000134,21.006,0.93136,3.04319,21496816,392 832962 404802 3328957,354 832177 404516 3328891,,123080,,,,,,,17549794511,0,177265853,17549794511,17727060364,292496575,0,2954430,292496575,295451006,8.52753,0.393034,1757.63,413.766,2776,366
istree_exp4_disable_rebuild_helping/step10026.txt,brown_ext_ist_lf_disabled,72,reclaimer_debra,allocator_new,pool_none,60000,0.5,0.5,0,1,20000000,190,190,190,0,insertIfAbsent,100025647565681,10002631,100025647565681,10002631,success,7,1810212,11828179,13638391,10002631,7.53414,0.845661,4.03768,334073328,21 66425 559018 14021378 34899,20 66424 558973 14021352 34899,,64202,,,,,,,10373898845,0,104773571,10373898845,10478672416,172898314,0,1746226,172898314,174644540,16.092,6.59925,2988.6,1248.52,3836,486
istree_exp4_disable_rebuild_helping/step10027.txt,brown_ext_ist_lf_disabled,72,reclaimer_debra,allocator_new,pool_none,60000,0.5,0.5,0,1,200000000,190,190,190,0,insertIfAbsent,9999220677683389,99990870,9999220677683389,99990870,success,7,12270684,112534478,124805162,99990870,10.171,0.888535,4.02428,2783273728,2 17144 679807 7725963 1308193,1 17144 679803 7725961 1308193,,57898,,,,,,,9520608845,0,96162527,9520608845,9616771372,158676814,0,1602708,158676814,160279522,19.3728,9.63568,3193.93,1956.62,13561,1054
istree_exp4_disable_rebuild_helping/step10028.txt,brown_ext_ist_lf_disabled,72,reclaimer_debra,allocator_new,pool_none,60000,0.5,0.5,0,1,2000000000,190,190,190,0,insertIfAbsent,999991424998280385,999992313,999991424998280385,999992313,success,7,104160783,1118685397,1222846180,999992313,11.74,0.893899,4.04047,26243457856,0 0 0 609513 795448,0 0 0 609513 795448,,51724,,,,,,,8657028759,0,87456906,8657028759,8744485665,144283812,0,1457615,144283812,145741427,22.1694,14.1322,3628.97,2892.29,62230,9282
istree_exp4_disable_rebuild_helping/step10029.txt,brown_ext_ist_lf_disabled,72,reclaimer_debra,allocator_new,pool_none,60000,5,5,0,1,2000000,190,190,190,0,insertIfAbsent,1000209812011,1001064,1000209812011,1001064,success,6,33081,1033181,1066262,1001064,32.2319,0.968914,3.00009,19177360,1495 1905357 923853 7602010,811 1895038 920594 7601318,,36346,,,,,,,3645736786,0,405061679,3645736786,4050798465,60762279,0,6751027,60762279,67513307,11.5406,2.7932,7638.86,1119.79,3301,463
istree_exp4_disable_rebuild_helping/step10030.txt,brown_ext_ist_lf_disabled,72,reclaimer_debra,allocator_new,pool_none,60000,5,5,0,1,20000000,190,190,190,0,insertIfAbsent,100007996029858,9999652,100007996029858,9999652,success,7,1625832,11442074,13067906,9999652,8.03767,0.873937,4.00001,313139728,60 123356 1037472 26092684 65314,39 123345 1037300 26092274 65313,,23558,,,,,,,1754777913,0,194953781,1754777913,1949731694,29246298,0,3249229,29246298,32495528,18.603,8.24396,13782.3,1647.23,4912,489
istree_exp4_disable_rebuild_helping/step10031.txt,brown_ext_ist_lf_disabled,72,reclaimer_debra,allocator_new,pool_none,60000,5,5,0,1,200000000,190,190,190,0,insertIfAbsent,10000056846879566,100000560,10000056846879566,100000560,success,7,12131765,112256535,124388300,100000560,10.2531,0.890822,4.02146,2767544064,5 37637 1368894 15505356 2639523,3 37637 1368868 15505320 2639520,,28042,,,,,,,1766912979,0,196326552,1766912979,1963239531,29448549,0,3272109,29448549,32720658,22.0854,11.0494,10765.9,2315.99,15937,1118
istree_exp4_disable_rebuild_helping/step10032.txt,brown_ext_ist_lf_disabled,72,reclaimer_debra,allocator_new,pool_none,60000,5,5,0,1,2000000000,190,190,190,0,insertIfAbsent,999999395822647808,999996812,999999395822647808,999996812,success,7,84465082,1078801417,1163266499,999996812,13.7722,0.926952,4,24018029216,2 31597 2148537 33462785 9432185,1 31597 2148520 33462775 9432185,,28580,,,,,,,4500141603,0,500008299,4500141603,5000149902,75002360,0,8333471,75002360,83335831,25.1684,16.0043,11578.6,3661.04,121595,8897
istree_exp4_disable_rebuild_helping/step10033.txt,brown_ext_ist_lf_disabled,72,reclaimer_debra,allocator_new,pool_none,60000,20,20,0,1,2000000,190,190,190,0,insertIfAbsent,1000080032856,1000419,1000080032856,1000419,success,6,33074,1032543,1065617,1000419,32.2192,0.968888,3.00008,19166592,1506 1688789 821603 6737013,719 1677614 817103 6735976,,10722,,,,,,,538686246,0,359096258,538686246,897782504,8978104,0,5984937,8978104,14963041,20.8231,9.7618,33772.1,3348.72,4057,299
istree_exp4_disable_rebuild_helping/step10034.txt,brown_ext_ist_lf_disabled,72,reclaimer_debra,allocator_new,pool_none,60000,20,20,0,1,20000000,190,190,190,0,insertIfAbsent,100008403894536,10001647,100008403894536,10001647,success,7,1647778,11488296,13136074,10001647,7.97199,0.870594,4.0044,315634960,85 120217 1012103 25432910 63650,38 120198 1011730 25432197 63648,,11332,,,,,,,285112410,0,190081934,285112410,475194344,4751873,0,3168032,4751873,7919905,26.2511,13.8101,52987.4,2846.16,5451,366
istree_exp4_disable_rebuild_helping/step10035.txt,brown_ext_ist_lf_disabled,72,reclaimer_debra,allocator_new,pool_none,60000,20,20,0,1,200000000,190,190,190,0,insertIfAbsent,10000118673511467,100003613,10000118673511467,100003613,success,7,12320346,112652684,124973030,100003613,10.1436,0.887716,4.02526,2789206000,10 36963 1367921 15498045 2640177,3 36960 1367876 15497995 2640167,,15606,,,,,,,294139058,0,196091708,294139058,490230766,4902317,0,3268195,4902317,8170512,30.738,16.3842,34887.2,3131.25,16116,1058
istree_exp4_disable_rebuild_helping/step10036.txt,brown_ext_ist_lf_disabled,72,reclaimer_debra,allocator_new,pool_none,60000,20,20,0,1,2000000000,190,190,190,0,insertIfAbsent,999970476782582403,999998584,999970476782582403,999998584,success,7,84465072,1078803183,1163268255,999998584,13.7722,0.926952,4,24018056672,1 31594 2149624 33458139 9432466,1 31591 2149592 33458113 9432466,,7760,,,,,,,749979685,0,499990122,749979685,1249969807,12499661,0,8333168,12499661,20832830,32.7875,20.9505,31035.7,4664.42,121937,9154
istree_exp4_disable_rebuild_helping/step10037.txt,brown_ext_ist_lf_enabled,72,reclaimer_debra,allocator_new,pool_none,60000,0.5,0.5,0,1,2000000,190,190,190,0,insertIfAbsent,998355151366,998916,998355151366,998916,success,6,53954,1073402,1127356,998916,20.8948,0.930608,3.04385,21512096,543 1181596 575267 4723108,503 1180576 574902 4723042,593865,174056,,,,,,,24915255063,0,251643967,24915255063,25166899030,415254251,0,4194066,415254251,419448317,8.65806,0.416066,1246.14,501.385,1433,342
istree_exp4_disable_rebuild_helping/step10038.txt,brown_ext_ist_lf_enabled,72,reclaimer_debra,allocator_new,pool_none,60000,0.5,0.5,0,1,20000000,190,190,190,0,insertIfAbsent,99974130555143,9998810,99974130555143,9998810,success,7,1827479,11861781,13689260,9998810,7.49079,0.842943,4.04119,335993888,30 94890 799661 20066166 50599,29 94887 799609 20066111 50599,70912,92076,,,,,,,14842818427,0,149939757,14842818427,14992758184,247380307,0,2498995,247380307,249879303,16.3802,6.66453,2089.71,1310.61,2727,449
istree_exp4_disable_rebuild_helping/step10039.txt,brown_ext_ist_lf_enabled,72,reclaimer_debra,allocator_new,pool_none,60000,0.5,0.5,0,1,200000000,190,190,190,0,insertIfAbsent,10000067707020765,100000133,10000067707020765,100000133,success,7,13726448,115560145,129286593,100000133,9.41879,0.865351,4.05601,2948950448,2 19997 688153 8132286 1477287,2 19997 688145 8132281 1477287,9200,59214,,,,,,,11273708776,0,113864372,11273708776,11387573148,187895146,0,1897739,187895146,189792885,19.4266,9.62718,2734.8,1985.3,13851,1099
istree_exp4_disable_rebuild_helping/step10040.txt,brown_ext_ist_lf_enabled,72,reclaimer_debra,allocator_new,pool_none,60000,0.5,0.5,0,1,2000000000,190,190,190,0,insertIfAbsent,999994269108816744,999998404,999994269108816744,999998404,success,7,104122607,1118606583,1222729190,999998404,11.7432,0.893968,4.04039,26239117280,0 0 0 604380 792146,0 0 0 604380 792146,,51310,,,,,,,8637329314,0,87245338,8637329314,8724574652,143955488,0,1454088,143955488,145409577,22.1908,14.1441,3636.85,2905.39,62228,9026
istree_exp4_disable_rebuild_helping/step10041.txt,brown_ext_ist_lf_enabled,72,reclaimer_debra,allocator_new,pool_none,60000,5,5,0,1,2000000,190,190,190,0,insertIfAbsent,997825331023,998135,997825331023,998135,success,6,54312,1073623,1127935,998135,20.7677,0.929689,3.04465,21543856,5526 6899862 3354053 27547154,2937 6857790 3340622 27544413,15746585,100570,,,,,,,13205293759,0,1467215125,13205293759,14672508884,220088229,0,24453585,220088229,244541814,12.3475,3.1517,2151.81,1321.17,1668,336
istree_exp4_disable_rebuild_helping/step10042.txt,brown_ext_ist_lf_enabled,72,reclaimer_debra,allocator_new,pool_none,60000,5,5,0,1,20000000,190,190,190,0,insertIfAbsent,99969091847888,9998328,99969091847888,9998328,success,7,1625827,11440744,13066571,9998328,8.03688,0.873923,4.00001,313118048,376 695902 5867046 147207612 369423,220 695778 5864553 147204917 369420,1678420,72672,,,,,,,9898317195,0,1099796987,9898317195,10998114182,164971953,0,18329949,164971953,183301903,19.261,8.56535,2828.94,1904.78,2884,338
istree_exp4_disable_rebuild_helping/step10043.txt,brown_ext_ist_lf_enabled,72,reclaimer_debra,allocator_new,pool_none,60000,5,5,0,1,200000000,190,190,190,0,insertIfAbsent,9999375405374494,99994450,9999375405374494,99994450,success,7,14669361,117649097,132318458,99994450,9.02006,0.849938,4.07459,3060027360,28 159988 5701220 65580231 11239150,16 159979 5700995 65580071 11239129,258247,34668,,,,,,,7568032648,0,840906094,7568032648,8408938742,126133877,0,14015101,126133877,140148979,22.3127,11.3867,3461.7,2588.48,14289,1119
istree_exp4_disable_rebuild_helping/step10044.txt,brown_ext_ist_lf_enabled,72,reclaimer_debra,allocator_new,pool_none,60000,5,5,0,1,2000000000,190,190,190,0,insertIfAbsent,1000020134117635298,1000004440,1000020134117635298,1000004440,success,7,116367402,1144196377,1260563779,1000004440,10.8326,0.87398,4.06659,27646948752,1 31598 2148546 36838686 11750262,1 31597 2148531 36838683 11750262,31686,34636,,,,,,,5971050971,0,663438360,5971050971,6634489331,99517516,0,11057306,99517516,110574822,24.7581,15.7383,4516.54,3639.37,119779,9835
istree_exp4_disable_rebuild_helping/step10045.txt,brown_ext_ist_lf_enabled,72,reclaimer_debra,allocator_new,pool_none,60000,20,20,0,1,2000000,190,190,190,0,insertIfAbsent,1000952851477,1000979,1000952851477,1000979,success,6,54945,1077778,1132723,1000979,20.6156,0.928743,3.04577,21662080,14071 10896387 5299111 43452889,4634 10780070 5260897 43444837,48265234,41980,,,,,,,3472408525,0,2314893840,3472408525,5787302365,57873475,0,38581564,57873475,96455039,24.928,11.8765,5479.18,4192.96,1864,297
istree_exp4_disable_rebuild_helping/step10046.txt,brown_ext_ist_lf_enabled,72,reclaimer_debra,allocator_new,pool_none,60000,20,20,0,1,20000000,190,190,190,0,insertIfAbsent,100047471435481,10000878,100047471435481,10000878,success,7,1722460,11638579,13361039,10000878,7.75695,0.859287,4.01934,324014288,1772 1474371 12427535 311862447 782758,466 1473885 12416732 311847582 782746,5934807,44578,,,,,,,3495329360,0,2330215456,3495329360,5825544816,58255489,0,38836924,58255489,97092413,28.6396,15.3182,5283.97,3638.18,2955,341
istree_exp4_disable_rebuild_helping/step10047.txt,brown_ext_ist_lf_enabled,72,reclaimer_debra,allocator_new,pool_none,60000,20,20,0,1,200000000,190,190,190,0,insertIfAbsent,10000488058258670,100002300,10000488058258670,100002300,success,7,12002806,111938337,123941143,100002300,10.326,0.89337,4.01896,2751515664,144 399933 13759979 155453696 26629178,39 399891 13758745 155452701 26629118,1017892,24888,,,,,,,2998650503,0,1999190320,2998650503,4997840823,49977508,0,33319838,49977508,83297347,31.4904,17.6649,5697.93,4217.74,14526,1133
istree_exp4_disable_rebuild_helping/step10048.txt,brown_ext_ist_lf_enabled,72,reclaimer_debra,allocator_new,pool_none,60000,20,20,0,1,2000000000,190,190,190,0,insertIfAbsent,1000033225372773673,1000045103,1000033225372773673,1000045103,success,7,124412423,1161804939,1286217362,1000045103,10.3383,0.860769,4.08435,28591403568,19 94756 6449082 109831789 32611255,3 94750 6449001 109831724 32611251,144724,23208,,,,,,,2621279323,0,1747532494,2621279323,4368811817,43687988,0,29125541,43687988,72813530,33.0746,21.5257,6189.48,4947.61,120868,9155
istree_exp4_disable_rebuild_helping/step10049.txt,brown_ext_ist_lf_enabled,72,reclaimer_debra,allocator_new,pool_none,60000,0.5,0.5,0,1,2000000,190,190,190,0,insertIfAbsent,999697353345,1000376,999697353345,1000376,success,6,57933,1083233,1141166,1000376,19.698,0.92351,3.05213,21991360,563 1195226 579268 4773028,509 1194151 578905 4772947,609580,174232,,,,,,,25178024466,0,254323448,25178024466,25432347914,419633741,0,4238724,419633741,423872465,8.64907,0.413745,1233.66,497.792,1439,444
istree_exp4_disable_rebuild_helping/step10050.txt,brown_ext_ist_lf_enabled,72,reclaimer_debra,allocator_new,pool_none,60000,0.5,0.5,0,1,20000000,190,190,190,0,insertIfAbsent,100015725213263,10001434,100015725213263,10001434,success,7,1726304,11646619,13372923,10001434,7.74656,0.858741,4.0201,324450640,33 94894 801092 20098914 50841,30 94894 801040 20098861 50841,71510,92984,,,,,,,14897824920,0,150495344,14897824920,15048320264,248297082,0,2508255,248297082,250805337,16.4491,6.66053,2081.86,1309.98,2773,342
istree_exp4_disable_rebuild_helping/step10051.txt,brown_ext_ist_lf_enabled,72,reclaimer_debra,allocator_new,pool_none,60000,0.5,0.5,0,1,200000000,190,190,190,0,insertIfAbsent,10000268138959742,100003857,10000268138959742,100003857,success,7,13730220,115569462,129299682,100003857,9.41716,0.865314,4.05609,2949401840,2 19997 688895 8136851 1477502,2 19997 688894 8136845 1477502,8969,59712,,,,,,,11270289154,0,113859728,11270289154,11384148882,187838152,0,1897662,187838152,189735814,19.4238,9.62757,2734.92,1982.49,13862,1098
istree_exp4_disable_rebuild_helping/step10052.txt,brown_ext_ist_lf_enabled,72,reclaimer_debra,allocator_new,pool_none,60000,0.5,0.5,0,1,2000000000,190,190,190,0,insertIfAbsent,1000040170480376932,1000010707,1000040170480376932,1000010707,success,7,104102519,1118564360,1222666879,1000010707,11.7448,0.894013,4.04035,26236789440,0 0 0 601108 790805,0 0 0 601108 790805,,51170,,,,,,,8624668192,0,87114964,8624668192,8711783156,143744469,0,1451916,143744469,145196385,22.174,14.1691,3642.69,2907.34,62229,9035
istree_exp4_disable_rebuild_helping/step10053.txt,brown_ext_ist_lf_enabled,72,reclaimer_debra,allocator_new,pool_none,60000,5,5,0,1,2000000,190,190,190,0,insertIfAbsent,1000636237026,1000554,1000636237026,1000554,success,6,39203,1045030,1084233,1000554,27.6569,0.95744,3.01242,19857696,5510 6897128 3352915 27542655,2937 6855368 3339609 27540003,15723592,100664,,,,,,,13201918722,0,1466884027,13201918722,14668802749,220031978,0,24448067,220031978,244480045,12.3456,3.14774,2152.2,1322.01,1668,324
istree_exp4_disable_rebuild_helping/step10054.txt,brown_ext_ist_lf_enabled,72,reclaimer_debra,allocator_new,pool_none,60000,5,5,0,1,20000000,190,190,190,0,insertIfAbsent,100013403482205,10000816,100013403482205,10000816,success,7,1878092,11968522,13846614,10000816,7.3727,0.835593,4.05056,341760208,381 695955 5865494 147445564 370434,220 695848 5863108 147442931 370433,1679132,72518,,,,,,,9917335606,0,1101941674,9917335606,11019277280,165288926,0,18365694,165288926,183654621,19.2835,8.5639,2822.38,1900.83,2878,402
istree_exp4_disable_rebuild_helping/step10055.txt,brown_ext_ist_lf_enabled,72,reclaimer_debra,allocator_new,pool_none,60000,5,5,0,1,200000000,190,190,190,0,insertIfAbsent,9998459031872925,99981551,9998459031872925,99981551,success,7,14765162,117862143,132627305,99981551,8.98245,0.848292,4.07716,3071250544,26 159968 5653750 65385531 11213039,16 159965 5653484 65385372 11213019,253611,34736,,,,,,,7551964256,0,839133741,7551964256,8391097997,125866070,0,13985562,125866070,139851633,22.3112,11.3817,3469.42,2588.64,14270,1119
istree_exp4_disable_rebuild_helping/step10056.txt,brown_ext_ist_lf_enabled,72,reclaimer_debra,allocator_new,pool_none,60000,5,5,0,1,2000000000,190,190,190,0,insertIfAbsent,1000022200947302746,1000005903,1000022200947302746,1000005903,success,7,116329643,1144118041,1260447684,1000005903,10.8351,0.874041,4.0665,27642561280,2 31584 2150453 36814994 11747075,1 31584 2150437 36814989 11747075,31441,34626,,,,,,,5968502101,0,663127230,5968502101,6631629331,99475035,0,11052120,99475035,110527155,24.7925,15.7234,4519.67,3638.35,119816,9371
istree_exp4_disable_rebuild_helping/step10057.txt,brown_ext_ist_lf_enabled,72,reclaimer_debra,allocator_new,pool_none,60000,20,20,0,1,2000000,190,190,190,0,insertIfAbsent,999000805332,1000090,999000805332,1000090,success,6,33090,1032224,1065314,1000090,32.1944,0.968869,3.00011,19162768,14103 10933460 5316152 43619427,4650 10815865 5277852 43611487,48468303,42062,,,,,,,3484017919,0,2322587668,3484017919,5806605587,58066965,0,38709794,58066965,96776759,24.8743,11.8458,5460.51,4167.75,1908,218
istree_exp4_disable_rebuild_helping/step10058.txt,brown_ext_ist_lf_enabled,72,reclaimer_debra,allocator_new,pool_none,60000,20,20,0,1,20000000,190,190,190,0,insertIfAbsent,100007442610733,10000443,100007442610733,10000443,success,7,1870597,11950523,13821120,10000443,7.38861,0.836821,4.04905,340869312,1762 1471184 12408654 311378302 781784,465 1470687 12398058 311363397 781768,5894479,44502,,,,,,,3489794710,0,2326509173,3489794710,5816303883,58163245,0,38775152,58163245,96938398,28.6171,15.3103,5296.92,3646.92,2959,405
istree_exp4_disable_rebuild_helping/step10059.txt,brown_ext_ist_lf_enabled,72,reclaimer_debra,allocator_new,pool_none,60000,20,20,0,1,200000000,190,190,190,0,insertIfAbsent,9998929532326473,99993694,9998929532326473,99993694,success,7,11010047,109993797,121003844,99993694,10.9903,0.909085,4,2640704496,156 399951 13767542 155455394 26638462,40 399909 13766207 155454471 26638398,1017830,24712,,,,,,,2999933686,0,1999952000,2999933686,4999885686,49998894,0,33332533,49998894,83331428,31.5736,17.712,5691.72,4221.8,14428,1094
istree_exp4_disable_rebuild_helping/step10060.txt,brown_ext_ist_lf_enabled,72,reclaimer_debra,allocator_new,pool_none,60000,20,20,0,1,2000000000,190,190,190,0,insertIfAbsent,999996516689661910,1000000608,999996516689661910,1000000608,success,7,124863089,1162775940,1287639029,1000000608,10.3124,0.860011,4.08538,28644452560,16 94772 6447952 110466692 32786585,3 94762 6447867 110466608 32786578,146469,23242,,,,,,,2631873746,0,1754603619,2631873746,4386477365,43864562,0,29243393,43864562,73107956,33.0322,21.4864,6182.44,4939.89,120715,9080
istree_exp4_disable_rebuild_helping/step10061.txt,brown_ext_ist_lf_enabled,72,reclaimer_debra,allocator_new,pool_none,60000,0.5,0.5,0,1,2000000,190,190,190,0,insertIfAbsent,998842046273,999012,998842046273,999012,success,6,54297,1074613,1128910,999012,20.7914,0.929648,3.0447,21560208,564 1190950 578518 4760077,507 1189873 578139 4760006,593101,175496,,,,,,,25104458798,0,253584604,25104458798,25358043402,418407646,0,4226410,418407646,422634056,8.65853,0.416299,1237.02,499.142,1436,469
istree_exp4_disable_rebuild_helping/step10062.txt,brown_ext_ist_lf_enabled,72,reclaimer_debra,allocator_new,pool_none,60000,0.5,0.5,0,1,20000000,190,190,190,0,insertIfAbsent,99988949438649,9999081,99988949438649,9999081,success,7,1779122,11754008,13533130,9999081,7.60663,0.850695,4.03068,330395536,33 94883 799445 20121809 50063,30 94882 799385 20121763 50063,72462,93180,,,,,,,14930237134,0,150811754,14930237134,15081048888,248837285,0,2513529,248837285,251350814,16.3424,6.66121,2077.85,1306.38,2776,460
istree_exp4_disable_rebuild_helping/step10063.txt,brown_ext_ist_lf_enabled,72,reclaimer_debra,allocator_new,pool_none,60000,0.5,0.5,0,1,200000000,190,190,190,0,insertIfAbsent,10000667130907123,100000157,10000667130907123,100000157,success,7,13744286,115594947,129339233,100000157,9.4104,0.865091,4.05642,2950970656,2 19992 687472 8139789 1478742,2 19992 687469 8139788 1478742,9785,59074,,,,,,,11283531223,0,113990700,11283531223,11397521923,188058853,0,1899845,188058853,189958698,19.4103,9.61904,2731.4,1987.7,13803,1055
istree_exp4_disable_rebuild_helping/step10064.txt,brown_ext_ist_lf_enabled,72,reclaimer_debra,allocator_new,pool_none,60000,0.5,0.5,0,1,2000000000,190,190,190,0,insertIfAbsent,1000003558575541744,999997622,1000003558575541744,999997622,success,7,104073401,1118505549,1222578950,999997622,11.7473,0.894048,4.04029,26233501312,0 0 0 599091 790322,0 0 0 599091 790322,,51230,,,,,,,8611021847,0,86981573,8611021847,8698003420,143517030,0,1449692,143517030,144966723,22.1996,14.1454,3648.71,2906.69,62224,9134
istree_exp4_disable_rebuild_helping/step10065.txt,brown_ext_ist_lf_enabled,72,reclaimer_debra,allocator_new,pool_none,60000,5,5,0,1,2000000,190,190,190,0,insertIfAbsent,1000353511462,1000561,1000353511462,1000561,success,6,52716,1072821,1125537,1000561,21.351,0.932645,3.04108,21401232,5593 6882295 3344548 27478016,2930 6840825 3331169 27475337,15642512,100182,,,,,,,13172455597,0,1463693239,13172455597,14636148836,219540926,0,24394887,219540926,243935813,12.3343,3.14416,2156.46,1324,1672,390
istree_exp4_disable_rebuild_helping/step10066.txt,brown_ext_ist_lf_enabled,72,reclaimer_debra,allocator_new,pool_none,60000,5,5,0,1,20000000,190,190,190,0,insertIfAbsent,100012205117312,10002217,100012205117312,10002217,success,7,1799849,11806100,13605949,10002217,7.55949,0.847208,4.03558,332889296,373 695956 5868188 147164532 370564,219 695845 5865715 147161826 370559,1684197,72484,,,,,,,9896413852,0,1099566394,9896413852,10995980246,164940230,0,18326106,164940230,183266337,19.266,8.56229,2828.66,1900.5,2881,424
istree_exp4_disable_rebuild_helping/step10067.txt,brown_ext_ist_lf_enabled,72,reclaimer_debra,allocator_new,pool_none,60000,5,5,0,1,200000000,190,190,190,0,insertIfAbsent,9998860108340620,99986418,9998860108340620,99986418,success,7,14469085,117195681,131664766,99986418,9.09973,0.853158,4.06981,3036453280,34 160263 5751491 65762994 11261769,16 160254 5751205 65762841 11261754,261935,35190,,,,,,,7582729922,0,842531111,7582729922,8425261033,126378832,0,14042185,126378832,140421017,22.2816,11.3833,3455.22,2581.85,14293,1150
istree_exp4_disable_rebuild_helping/step10068.txt,brown_ext_ist_lf_enabled,72,reclaimer_debra,allocator_new,pool_none,60000,5,5,0,1,2000000000,190,190,190,0,insertIfAbsent,999984477643192600,999974309,999984477643192600,999974309,success,7,116832484,1145160518,1261993002,999974309,10.8017,0.873218,4.06761,27700614336,1 31590 2149317 37046502 11837768,1 31590 2149298 37046490 11837768,31479,34776,,,,,,,6004561212,0,667202120,6004561212,6671763332,100076020,0,11120035,100076020,111196055,24.7445,15.7123,4492.48,3626.52,119818,9173
istree_exp4_disable_rebuild_helping/step10069.txt,brown_ext_ist_lf_enabled,72,reclaimer_debra,allocator_new,pool_none,60000,20,20,0,1,2000000,190,190,190,0,insertIfAbsent,1000373116178,1000025,1000373116178,1000025,success,6,54109,1074978,1129087,1000025,20.8669,0.930275,3.04406,21548336,14227 10908813 5297850 43513177,4640 10791734 5259640 43505078,48335815,42078,,,,,,,3476629744,0,2317713284,3476629744,5794343028,57943829,0,38628554,57943829,96572383,24.9026,11.872,5473.69,4186.91,1869,422
istree_exp4_disable_rebuild_helping/step10070.txt,brown_ext_ist_lf_enabled,72,reclaimer_debra,allocator_new,pool_none,60000,20,20,0,1,20000000,190,190,190,0,insertIfAbsent,100008559253363,10000843,100008559253363,10000843,success,7,1897773,12017479,13915252,10000843,7.33241,0.832191,4.05432,344137408,1733 1471360 12418273 311599484 782026,465 1470862 12407699 311584792 782012,5902396,44550,,,,,,,3491696147,0,2327823926,3491696147,5819520073,58194935,0,38797065,58194935,96992001,28.6158,15.3049,5289.33,3638.22,2959,375
istree_exp4_disable_rebuild_helping/step10071.txt,brown_ext_ist_lf_enabled,72,reclaimer_debra,allocator_new,pool_none,60000,20,20,0,1,200000000,190,190,190,0,insertIfAbsent,9999908193816982,99992765,9999908193816982,99992765,success,7,11775063,111531759,123306822,99992765,10.4719,0.896541,4.01546,2726684624,154 389935 13429337 151599038 25982688,39 389892 13428135 151598139 25982633,984522,24316,,,,,,,2929625778,0,1953088962,2929625778,4882714740,48827096,0,32551482,48827096,81378579,31.7241,17.7147,5828.88,4362.43,14454,1096
istree_exp4_disable_rebuild_helping/step10072.txt,brown_ext_ist_lf_enabled,72,reclaimer_debra,allocator_new,pool_none,60000,20,20,0,1,2000000000,190,190,190,0,insertIfAbsent,999991828494985237,999996469,999991828494985237,999996469,success,7,124967086,1163019476,1287986562,999996469,10.3066,0.859828,4.08561,28656788208,16 94772 6447367 110616686 32821521,3 94764 6447291 110616610 32821517,145821,23428,,,,,,,2634108670,0,1756138126,2634108670,4390246796,43901811,0,29268968,43901811,73170779,33.0289,21.4877,6168.91,4932.42,120721,8979
