filename,DS_TYPENAME,size_node,RECLAIM,ALLOC,POOL,MILLIS_TO_RUN,INS,DEL,RQ,RQSIZE,MAXKEY,PREFILL_THREADS,TOTAL_THREADS,WORK_THREADS,RQ_THREADS,INSERT_FUNC,threads_final_keysum,threads_final_size,final_keysum,final_size,validate_result,tree_stats_height,tree_stats_numInternals,tree_stats_numLeaves,tree_stats_numNodes,tree_stats_numKeys,tree_stats_avgDegreeInternal,tree_stats_avgDegreeLeaves,tree_stats_avgKeyDepth,tree_stats_sizeInBytes,sum_num_try_rebuild_at_depth_by_index,sum_num_complete_rebuild_at_depth_by_index,sum_num_help_subtree_total,first_thread_announced_epoch_by_index,sum_duration_all_ops_total,sum_duration_markAndCount_total,sum_duration_wastedWorkBuilding_total,sum_duration_buildAndReplace_total,sum_duration_rotateAndFree_total,sum_duration_traverseAndRetire_total,total_find,total_rq,total_updates,total_queries,total_ops,find_throughput,rq_throughput,update_throughput,query_throughput,total_throughput,PAPI_L2_TCM,PAPI_L3_TCM,PAPI_TOT_CYC,PAPI_RES_STL,maxresident_mb,prefill_elapsed_ms
istree_exp8_full_comparison/step10001.txt,ellen_ext_bst_lf,,reclaimer_debra,allocator_new,pool_none,30000,0.5,0.5,0,1,20000000,24,24,24,0,insertIfAbsent,99980219147132,9999101,99980219147132,9999101,success,63,9999102,9999103,19998205,9999101,2,1,33.4069,799928200,,,,4996 115900,,,,,,,292554254,0,2956875,292554254,295511129,9751808,0,98562,9751808,9850370,35.176,12.3638,6796.85,,2022,1978
istree_exp8_full_comparison/step10002.txt,ellen_ext_bst_lf,,reclaimer_debra,allocator_new,pool_none,30000,0.5,0.5,0,1,20000000,48,48,48,0,insertIfAbsent,100003174318498,9998730,100003174318498,9998730,success,59,9998731,9998732,19997463,9998730,2,1,33.3246,799898520,,,,1244 52716,,,,,,,553315717,0,5589089,553315717,558904806,18443857,0,186302,18443857,18630160,36.7291,13.0758,7185.24,,2042,1528
istree_exp8_full_comparison/step10003.txt,ellen_ext_bst_lf,,reclaimer_debra,allocator_new,pool_none,30000,0.5,0.5,0,1,20000000,96,96,96,0,insertIfAbsent,99994041774550,9999102,99994041774550,9999102,success,62,9999103,9999104,19998207,9999102,2,1,33.3367,799928280,,,,440 28242,,,,,,,1226744798,0,12389126,1226744798,1239133924,40891493,0,412970,40891493,41304464,38.3392,15.3288,6468.86,,2085,1247
istree_exp8_full_comparison/step10004.txt,ellen_ext_bst_lf,,reclaimer_debra,allocator_new,pool_none,30000,0.5,0.5,0,1,20000000,144,144,144,0,insertIfAbsent,99995385549048,9998448,99995385549048,9998448,success,60,9998449,9998450,19996899,9998448,2,1,32.6898,799875960,,,,352 18910,,,,,,,1853292340,0,18714985,1853292340,1872007325,61776411,0,623832,61776411,62400244,38.7356,15.7771,6420.89,,2109,892
istree_exp8_full_comparison/step10005.txt,ellen_ext_bst_lf,,reclaimer_debra,allocator_new,pool_none,30000,0.5,0.5,0,1,20000000,190,190,190,0,insertIfAbsent,100014157721068,10000550,100014157721068,10000550,success,65,10000551,10000552,20001103,10000550,2,1,33.0395,800044120,,,,306 14632,,,,,,,2450277379,0,24751140,2450277379,2475028519,81675912,0,825038,81675912,82500950,39.0182,16.1483,6405.93,,2145,1015
istree_exp8_full_comparison/step10006.txt,guerraoui_ext_bst_ticket,,reclaimer_debra,allocator_new,pool_none,30000,0.5,0.5,0,1,20000000,24,24,24,0,insertIfAbsent,99979808019076,10000421,99979808019076,10000421,success,60,10000421,10000422,20000843,10000421,2,1,30.9243,800033720,,,,4864 116988,,,,,,,295598195,0,2990736,295598195,298588931,9853273,0,99691,9853273,9952964,36.8165,13.4002,6726.71,,2021,1756
istree_exp8_full_comparison/step10007.txt,guerraoui_ext_bst_ticket,,reclaimer_debra,allocator_new,pool_none,30000,0.5,0.5,0,1,20000000,48,48,48,0,insertIfAbsent,99999950291963,10001357,99999950291963,10001357,success,60,10001357,10001358,20002715,10001357,2,1,30.9954,800108600,,,,882 52712,,,,,,,557249077,0,5631653,557249077,562880730,18574969,0,187721,18574969,18762691,37.8919,13.9034,7134.9,,2027,1352
istree_exp8_full_comparison/step10008.txt,guerraoui_ext_bst_ticket,,reclaimer_debra,allocator_new,pool_none,30000,0.5,0.5,0,1,20000000,96,96,96,0,insertIfAbsent,99988015998376,9998724,99988015998376,9998724,success,60,9998724,9998725,19997449,9998724,2,1,31.3863,799897960,,,,288 29080,,,,,,,1255229908,0,12676464,1255229908,1267906372,41840996,0,422548,41840996,42263545,38.7632,15.878,6322.34,,2045,860
istree_exp8_full_comparison/step10009.txt,guerraoui_ext_bst_ticket,,reclaimer_debra,allocator_new,pool_none,30000,0.5,0.5,0,1,20000000,144,144,144,0,insertIfAbsent,99981025677302,9996831,99981025677302,9996831,success,64,9996831,9996832,19993663,9996831,2,1,31.285,799746520,,,,220 19214,,,,,,,1895927679,0,19156337,1895927679,1915084016,63197589,0,638544,63197589,63836133,39.3028,16.1096,6277.46,,2062,498
istree_exp8_full_comparison/step10010.txt,guerraoui_ext_bst_ticket,,reclaimer_debra,allocator_new,pool_none,30000,0.5,0.5,0,1,20000000,190,190,190,0,insertIfAbsent,100003446343990,9998419,100003446343990,9998419,success,61,9998419,9998420,19996839,9998419,2,1,32.0564,799873560,,,,150 14844,,,,,,,2493871871,0,25192558,2493871871,2519064429,83129062,0,839751,83129062,83968814,39.4262,16.2417,6293.09,,2078,502
istree_exp8_full_comparison/step10011.txt,howley_int_bst_lf,,reclaimer_debra,allocator_new,pool_none,30000,0.5,0.5,0,1,20000000,24,24,24,0,insertIfAbsent,100032898781113,10002796,100032898781113,10002796,success,61,6653731,3349066,10002797,10002796,1.50334,2.98674,29.9258,640179008,,,,9934 146410,,,,,,,350259773,0,3537697,350259773,353797470,11675325,0,117923,11675325,11793249,23.4989,8.21218,5676.8,,1768,1587
istree_exp8_full_comparison/step10012.txt,howley_int_bst_lf,,reclaimer_debra,allocator_new,pool_none,30000,0.5,0.5,0,1,20000000,48,48,48,0,insertIfAbsent,100003182628763,10000868,100003182628763,10000868,success,59,6640224,3360645,10000869,10000868,1.5061,2.97588,30.2338,640055616,,,,2444 66698,,,,,,,673311320,0,6803376,673311320,680114696,22443710,0,226779,22443710,22670489,25.1714,8.7252,5905.03,,1825,1085
istree_exp8_full_comparison/step10013.txt,howley_int_bst_lf,,reclaimer_debra,allocator_new,pool_none,30000,0.5,0.5,0,1,20000000,96,96,96,0,insertIfAbsent,100051799029462,10003658,100051799029462,10003658,success,61,6611444,3392215,10003659,10003658,1.51308,2.949,31.3662,640234176,,,,616 36664,,,,,,,1537968500,0,15536613,1537968500,1553505113,51265616,0,517887,51265616,51783503,26.0316,10.0111,5162.64,,1971,762
istree_exp8_full_comparison/step10014.txt,howley_int_bst_lf,,reclaimer_debra,allocator_new,pool_none,30000,0.5,0.5,0,1,20000000,144,144,144,0,insertIfAbsent,99948009176665,9996962,99948009176665,9996962,success,59,6587141,3409822,9996963,9996962,1.51765,2.93181,29.8946,639805632,,,,452 24292,,,,,,,2347558935,0,23704962,2347558935,2371263897,78251964,0,790165,78251964,79042129,26.2209,10.1379,5071.44,,2115,451
istree_exp8_full_comparison/step10015.txt,howley_int_bst_lf,,reclaimer_debra,allocator_new,pool_none,30000,0.5,0.5,0,1,20000000,190,190,190,0,insertIfAbsent,99993474165908,10001855,99993474165908,10001855,success,61,6576539,3425317,10001856,10001855,1.52084,2.91998,31.5078,640118784,,,,312 19020,,,,,,,3114890466,0,31468440,3114890466,3146358906,103829682,0,1048948,103829682,104878630,26.2329,10.1528,5040.72,,2248,495
istree_exp8_full_comparison/step10016.txt,ramachandran_int_bst_lf,,reclaimer_debra,allocator_new,pool_none,30000,0.5,0.5,0,1,20000000,24,24,24,0,insertIfAbsent,100133407930881,10014035,100004585867945,10001228,fail,63,6652853,3348378,10001231,10001228,1.5033,2.98689,32.5767,400049240,,,,4972 139174,,,,,,,,,,,,,,,,,,,,,1601,1373
istree_exp8_full_comparison/step10017.txt,ramachandran_int_bst_lf,,reclaimer_debra,allocator_new,pool_none,30000,0.5,0.5,0,1,20000000,48,48,48,0,insertIfAbsent,100461267521877,10046101,100006698865116,10000754,fail,66,6639620,3361137,10000757,10000754,1.50622,2.97541,32.4453,400030280,,,,1216 63648,,,,,,,,,,,,,,,,,,,,,1658,994
istree_exp8_full_comparison/step10018.txt,ramachandran_int_bst_lf,,reclaimer_debra,allocator_new,pool_none,30000,0.5,0.5,0,1,20000000,96,96,96,0,insertIfAbsent,102099964193466,10212501,99961453286784,9998704,fail,67,6608594,3390113,9998707,9998704,1.51299,2.94937,33.412,399948280,,,,286 34858,,,,,,,,,,,,,,,,,,,,,1807,682
istree_exp8_full_comparison/step10019.txt,ramachandran_int_bst_lf,,reclaimer_debra,allocator_new,pool_none,30000,0.5,0.5,0,1,20000000,144,144,144,0,insertIfAbsent,104589488680686,10457628,100048738440980,10002673,fail,63,6589089,3413587,10002676,10002673,1.51807,2.93025,31.7068,400107040,,,,214 23090,,,,,,,,,,,,,,,,,,,,,1945,414
istree_exp8_full_comparison/step10020.txt,ramachandran_int_bst_lf,,reclaimer_debra,allocator_new,pool_none,30000,0.5,0.5,0,1,20000000,190,190,190,0,insertIfAbsent,107551555702250,10755149,100002307867761,10000519,fail,57,6579099,3421423,10000522,10000519,1.52004,2.92291,31.5136,400020880,,,,166 17678,,,,,,,,,,,,,,,,,,,,,2073,433
istree_exp8_full_comparison/step10021.txt,brown_ext_bst_rq_lf,,reclaimer_debra,allocator_new,pool_none,30000,0.5,0.5,0,1,20000000,24,24,24,0,insertIfAbsent,99986724933454,9997488,99986724933454,9997488,success,59,9997487,9997488,19994975,9997488,2,1,31.3868,959758800,,,,4908 116322,,,,,,,293926414,0,2967817,293926414,296894231,9797547,0,98927,9797547,9896474,37.061,13.6026,6765.4,,2021,1766
istree_exp8_full_comparison/step10022.txt,brown_ext_bst_rq_lf,,reclaimer_debra,allocator_new,pool_none,30000,0.5,0.5,0,1,20000000,48,48,48,0,insertIfAbsent,99979926531810,9998715,99979926531810,9998715,success,58,9998714,9998715,19997429,9998715,2,1,30.7837,959876592,,,,1218 52916,,,,,,,555817221,0,5613468,555817221,561430689,18527240,0,187115,18527240,18714356,38.1367,14.1245,7153.06,,2028,1255
istree_exp8_full_comparison/step10023.txt,brown_ext_bst_rq_lf,,reclaimer_debra,allocator_new,pool_none,30000,0.5,0.5,0,1,20000000,96,96,96,0,insertIfAbsent,100040594907044,10002685,100040594907044,10002685,success,61,10002684,10002685,20005369,10002685,2,1,31.0769,960257712,,,,296 28866,,,,,,,1245524169,0,12581199,1245524169,1258105368,41517472,0,419373,41517472,41936845,39.3539,16.196,6371.42,,2046,857
istree_exp8_full_comparison/step10024.txt,brown_ext_bst_rq_lf,,reclaimer_debra,allocator_new,pool_none,30000,0.5,0.5,0,1,20000000,144,144,144,0,insertIfAbsent,100031689925665,10004353,100031689925665,10004353,success,61,10004352,10004353,20008705,10004353,2,1,31.2502,960417840,,,,222 19204,,,,,,,1893594445,0,19127990,1893594445,1912722435,63119814,0,637599,63119814,63757414,39.648,16.4908,6284.77,,2064,514
istree_exp8_full_comparison/step10025.txt,brown_ext_bst_rq_lf,,reclaimer_debra,allocator_new,pool_none,30000,0.5,0.5,0,1,20000000,190,190,190,0,insertIfAbsent,100023810161253,10001349,100023810161253,10001349,success,57,10001348,10001349,20002697,10001349,2,1,30.8657,960129456,,,,156 14746,,,,,,,2515279415,0,25406895,2515279415,2540686310,83842647,0,846896,83842647,84689543,39.7215,16.6704,6238.35,,2097,500
istree_exp8_full_comparison/step10026.txt,drachsler_pext_bst_lock,,reclaimer_debra,allocator_new,pool_none,30000,0.5,0.5,0,1,20000000,24,24,24,0,insertIfAbsent,99970159245082,9997483,99970159245082,9997483,success,58,6651339,3346144,9997483,9997483,1.50308,2.98776,28.9368,1919516736,,,,4944 131814,,,,,,,333930206,0,3376832,333930206,337307038,11131006,0,112561,11131006,11243567,26.1482,8.75134,5954.91,,2969,1654
istree_exp8_full_comparison/step10027.txt,drachsler_pext_bst_lock,,reclaimer_debra,allocator_new,pool_none,30000,0.5,0.5,0,1,20000000,48,48,48,0,insertIfAbsent,99983501972201,9998489,99983501972201,9998489,success,60,6637383,3361106,9998489,9998489,1.50639,2.97476,28.8979,1919709888,,,,1212 61266,,,,,,,644625530,0,6511428,644625530,651136958,21487517,0,217047,21487517,21704565,26.2511,8.60167,6168.6,,2979,1183
istree_exp8_full_comparison/step10028.txt,drachsler_pext_bst_lock,,reclaimer_debra,allocator_new,pool_none,30000,0.5,0.5,0,1,20000000,96,96,96,0,insertIfAbsent,99961019237188,9998477,99961019237188,9998477,success,58,6611912,3386565,9998477,9998477,1.51219,2.95239,29.8574,1919707584,,,,302 32642,,,,,,,1407646030,0,14220114,1407646030,1421866144,46921534,0,474003,46921534,47395538,27.6246,9.89855,5642.64,,2997,859
istree_exp8_full_comparison/step10029.txt,drachsler_pext_bst_lock,,reclaimer_debra,allocator_new,pool_none,30000,0.5,0.5,0,1,20000000,144,144,144,0,insertIfAbsent,100054964497806,10002784,100054964497806,10002784,success,58,6595079,3407705,10002784,10002784,1.5167,2.93534,28.7391,1920534528,,,,218 21580,,,,,,,2126082507,0,21473054,2126082507,2147555561,70869416,0,715768,70869416,71585185,28.3822,10.082,5602,,3017,569
istree_exp8_full_comparison/step10030.txt,drachsler_pext_bst_lock,,reclaimer_debra,allocator_new,pool_none,30000,0.5,0.5,0,1,20000000,190,190,190,0,insertIfAbsent,99977389333734,9998473,99977389333734,9998473,success,58,6578669,3419804,9998473,9998473,1.51983,2.9237,29.21,1919706816,,,,152 16404,,,,,,,2806692482,0,28353099,2806692482,2835045581,93556416,0,945103,93556416,94501519,28.9687,10.1595,5597.37,,3035,578
istree_exp8_full_comparison/step10031.txt,brown_ext_ist_lf,72,reclaimer_debra,allocator_new,pool_none,30000,0.5,0.5,0,1,20000000,24,24,24,0,insertIfAbsent,99978687907722,9997333,99978687907722,9997333,success,7,1737871,11667101,13404972,9997333,7.71344,0.856882,4.02253,325703760,2 5600 160848 1487768 5041,2 5600 160848 1487767 5041,416,380390,,,,,,,1043685330,0,10547261,1043685330,1054232591,34789511,0,351575,34789511,35141086,16.129,5.89964,1902.5,,2439,156
istree_exp8_full_comparison/step10032.txt,brown_ext_ist_lf,72,reclaimer_debra,allocator_new,pool_none,30000,0.5,0.5,0,1,20000000,48,48,48,0,insertIfAbsent,99976370058389,9996800,99976370058389,9996800,success,7,1905517,12032222,13937739,9996800,7.31441,0.830836,4.05578,344999392,3 9328 219404 2609119 8033,3 9328 219402 2609116 8033,1648,160604,,,,,,,1808498029,0,18268387,1808498029,1826766416,60283267,0,608946,60283267,60892213,16.0695,5.98479,2190.26,,2475,171
istree_exp8_full_comparison/step10033.txt,brown_ext_ist_lf,72,reclaimer_debra,allocator_new,pool_none,30000,0.5,0.5,0,1,20000000,96,96,96,0,insertIfAbsent,99997240861015,10000942,99997240861015,10000942,success,7,1862213,11949608,13811821,10000942,7.41689,0.836926,4.04647,340211504,9 22565 354587 5355417 15743,7 22565 354578 5355407 15743,8092,83530,,,,,,,3835149846,0,38739224,3835149846,3873889070,127838328,0,1291307,127838328,129129635,16.2378,6.42166,2044.99,,2545,245
istree_exp8_full_comparison/step10034.txt,brown_ext_ist_lf,72,reclaimer_debra,allocator_new,pool_none,30000,0.5,0.5,0,1,20000000,144,144,144,0,insertIfAbsent,100007642159732,10001764,100007642159732,10001764,success,7,1890394,11995882,13886276,10001764,7.3457,0.833766,4.05305,343186672,12 34795 292879 7627620 18912,11 34793 292871 7627609 18912,19819,56038,,,,,,,5662125490,0,57188045,5662125490,5719313535,188737516,0,1906268,188737516,190643784,16.2619,6.56707,2077.81,,2679,466
istree_exp8_full_comparison/step10035.txt,brown_ext_ist_lf,72,reclaimer_debra,allocator_new,pool_none,30000,0.5,0.5,0,1,20000000,190,190,190,0,insertIfAbsent,99963320361109,9997584,99963320361109,9997584,success,7,1625323,11439557,13064880,9997584,8.03833,0.873949,4.00001,313058736,15 47445 400458 10037339 24894,15 47444 400417 10037314 24894,36499,46882,,,,,,,7423780614,0,74984566,7423780614,7498765180,247459353,0,2499485,247459353,249958839,16.3313,6.65741,2087.25,,2771,383
istree_exp8_full_comparison/step10036.txt,brown_ext_abtree_lf,208,reclaimer_debra,allocator_new,pool_none,30000,0.5,0.5,0,1,20000000,24,24,24,0,insertIfAbsent,99974918711887,9998784,99974918711887,9998784,success,9,207513,1429091,1636604,9998784,7.88675,6.9966,8,340413632,,,,5362 345474,,,,,,,908787362,0,9175463,908787362,917962825,30292912,0,305848,30292912,30598760,16.6436,4.9991,2187.6,,1440,838
istree_exp8_full_comparison/step10037.txt,brown_ext_abtree_lf,208,reclaimer_debra,allocator_new,pool_none,30000,0.5,0.5,0,1,20000000,48,48,48,0,insertIfAbsent,99995925766972,9998280,99995925766972,9998280,success,9,217852,1496940,1714792,9998280,7.87136,6.67915,8,356676736,,,,1398 151216,,,,,,,1634715664,0,16511772,1634715664,1651227436,54490522,0,550392,54490522,55040914,16.8033,5.04923,2431.34,,1509,745
istree_exp8_full_comparison/step10038.txt,brown_ext_abtree_lf,208,reclaimer_debra,allocator_new,pool_none,30000,0.5,0.5,0,1,20000000,96,96,96,0,insertIfAbsent,99980341151393,9997580,99980341151393,9997580,success,9,234389,1610548,1844937,9997580,7.87126,6.20756,8,383746896,,,,764 79518,,,,,,,3472348485,0,35065339,3472348485,3507413824,115744949,0,1168844,115744949,116913794,17.0395,5.57613,2278.03,,1611,924
istree_exp8_full_comparison/step10039.txt,brown_ext_abtree_lf,208,reclaimer_debra,allocator_new,pool_none,30000,0.5,0.5,0,1,20000000,144,144,144,0,insertIfAbsent,100034719081662,10002273,100034719081662,10002273,success,9,244188,1679239,1923427,10002273,7.87683,5.95643,8,400072816,,,,674 52070,,,,,,,5116012805,0,51685161,5116012805,5167697966,170533760,0,1722838,170533760,172256598,17.1965,5.73561,2315.82,,1653,809
istree_exp8_full_comparison/step10040.txt,brown_ext_abtree_lf,208,reclaimer_debra,allocator_new,pool_none,30000,0.5,0.5,0,1,20000000,190,190,190,0,insertIfAbsent,99962092156104,9996735,99962092156104,9996735,success,9,251882,1727927,1979809,9996735,7.86007,5.78539,8,411800272,,,,602 41992,,,,,,,6724083312,0,67924065,6724083312,6792007377,224136110,0,2264135,224136110,226400245,17.4361,5.87177,2322.17,,1746,948
istree_exp8_full_comparison/step10041.txt,bronson_pext_bst_occ,,reclaimer_debra,allocator_new,pool_none,30000,0.5,0.5,0,1,20000000,24,24,24,0,insertIfAbsent,100002031311139,10000512,100002031311139,10000512,success,29,5934139,4466737,10400876,10000512,1.75272,2.23889,22.7989,582449056,,,,4882 160518,,,,,,,413930263,0,4181428,413930263,418111691,13797675,0,139380,13797675,13937056,27.4519,9.32303,4803.63,,1742,1509
istree_exp8_full_comparison/step10042.txt,bronson_pext_bst_occ,,reclaimer_debra,allocator_new,pool_none,30000,0.5,0.5,0,1,20000000,48,48,48,0,insertIfAbsent,100010786365901,10001179,100010786365901,10001179,success,29,6089262,4591156,10680418,10001179,1.75398,2.17836,22.857,598103408,,,,1216 72586,,,,,,,773926152,0,7820524,773926152,781746676,25797538,0,260684,25797538,26058222,28.3682,9.43143,5136.94,,1766,1031
istree_exp8_full_comparison/step10043.txt,bronson_pext_bst_occ,,reclaimer_debra,allocator_new,pool_none,30000,0.5,0.5,0,1,20000000,96,96,96,0,insertIfAbsent,99965913317947,9996965,99965913317947,9996965,success,29,6380083,4823536,11203619,9996965,1.75603,2.07254,23.0137,627402664,,,,290 39284,,,,,,,1713339101,0,17312398,1713339101,1730651499,57111303,0,577079,57111303,57688383,28.7102,10.6657,4632.8,,1815,765
istree_exp8_full_comparison/step10044.txt,bronson_pext_bst_occ,,reclaimer_debra,allocator_new,pool_none,30000,0.5,0.5,0,1,20000000,144,144,144,0,insertIfAbsent,99971251409630,9998062,99971251409630,9998062,success,29,6553147,4961351,11514498,9998062,1.75709,2.01519,23.1357,644811888,,,,214 25788,,,,,,,2587868564,0,26138548,2587868564,2614007112,86262285,0,871284,86262285,87133570,28.8431,10.8551,4597.5,,1852,459
istree_exp8_full_comparison/step10045.txt,bronson_pext_bst_occ,,reclaimer_debra,allocator_new,pool_none,30000,0.5,0.5,0,1,20000000,190,190,190,0,insertIfAbsent,100006277593484,9999469,100006277593484,9999469,success,29,6658083,5043063,11701146,9999469,1.75743,1.98282,23.1887,655264176,,,,146 20632,,,,,,,3406178159,0,34409825,3406178159,3440587984,113539271,0,1146994,113539271,114686266,28.9071,10.9572,4597.75,,1876,488
istree_exp8_full_comparison/step10046.txt,natarajan_ext_bst_lf,,reclaimer_debra,allocator_new,pool_none,30000,0.5,0.5,0,1,20000000,24,24,24,0,insertIfAbsent,99991798358862,10000006,99991798358862,10000006,success,58,10000005,10000006,20000011,10000006,2,1,31.1257,640000352,,,,4908 130808,,,,,,,332385133,0,3356720,332385133,335741853,11079504,0,111890,11079504,11191395,24.337,8.68869,5982.77,,1717,1517
istree_exp8_full_comparison/step10047.txt,natarajan_ext_bst_lf,,reclaimer_debra,allocator_new,pool_none,30000,0.5,0.5,0,1,20000000,48,48,48,0,insertIfAbsent,100031622117229,10002599,100031622117229,10002599,success,60,10002598,10002599,20005197,10002599,2,1,31.0148,640166304,,,,1214 60354,,,,,,,636899565,0,6440020,636899565,643339585,21229985,0,214667,21229985,21444652,24.3627,8.73705,6243.44,,1724,1068
istree_exp8_full_comparison/step10048.txt,natarajan_ext_bst_lf,,reclaimer_debra,allocator_new,pool_none,30000,0.5,0.5,0,1,20000000,96,96,96,0,insertIfAbsent,100002916708401,9999064,100002916708401,9999064,success,59,9999063,9999064,19998127,9999064,2,1,31.4986,639940064,,,,294 33582,,,,,,,1453008736,0,14682197,1453008736,1467690933,48433624,0,489406,48433624,48923031,25.0265,10.0394,5465.45,,1739,734
istree_exp8_full_comparison/step10049.txt,natarajan_ext_bst_lf,,reclaimer_debra,allocator_new,pool_none,30000,0.5,0.5,0,1,20000000,144,144,144,0,insertIfAbsent,99997640220045,10000269,99997640220045,10000269,success,60,10000268,10000269,20000537,10000269,2,1,32.3641,640017184,,,,196 22256,,,,,,,2200025211,0,22219630,2200025211,2222244841,73334173,0,740654,73334173,74074828,25.2752,10.2234,5412.49,,1755,452
istree_exp8_full_comparison/step10050.txt,natarajan_ext_bst_lf,,reclaimer_debra,allocator_new,pool_none,30000,0.5,0.5,0,1,20000000,190,190,190,0,insertIfAbsent,100001630198101,10000535,100001630198101,10000535,success,61,10000534,10000535,20001069,10000535,2,1,31.4739,640034208,,,,170 17378,,,,,,,2926889928,0,29573888,2926889928,2956463816,97562997,0,985796,97562997,98548793,25.4874,10.347,5365.62,,1771,464
istree_exp8_full_comparison/step10051.txt,ellen_ext_bst_lf,,reclaimer_debra,allocator_new,pool_none,30000,20,20,0,1,20000000,24,24,24,0,insertIfAbsent,100029681703490,10001924,100029681703490,10001924,success,61,10001925,10001926,20003851,10001924,2,1,32.968,800154040,,,,4912 109682,,,,,,,167068158,0,111372212,167068158,278440370,5568938,0,3712407,5568938,9281345,40.1072,14.9427,7212.48,,2087,1949
istree_exp8_full_comparison/step10052.txt,ellen_ext_bst_lf,,reclaimer_debra,allocator_new,pool_none,30000,20,20,0,1,20000000,48,48,48,0,insertIfAbsent,100014242012055,9999002,100014242012055,9999002,success,59,9999003,9999004,19998007,9999002,2,1,32.3687,799920280,,,,1240 49842,,,,,,,315030067,0,209992717,315030067,525022784,10501002,0,6999757,10501002,17500759,41.9676,15.1744,7644.56,,2451,1513
istree_exp8_full_comparison/step10053.txt,ellen_ext_bst_lf,,reclaimer_debra,allocator_new,pool_none,30000,20,20,0,1,20000000,96,96,96,0,insertIfAbsent,99973608041492,9997349,99973608041492,9997349,success,58,9997350,9997351,19994701,9997349,2,1,32.6129,799788040,,,,428 24554,,,,,,,607700778,0,405105023,607700778,1012805801,20256692,0,13503500,20256692,33760193,45.3559,18.0796,7914.96,,2931,1255
istree_exp8_full_comparison/step10054.txt,ellen_ext_bst_lf,,reclaimer_debra,allocator_new,pool_none,30000,20,20,0,1,20000000,144,144,144,0,insertIfAbsent,100070626331184,10004705,100070626331184,10004705,success,66,10004706,10004707,20009413,10004705,2,1,35.0264,800376520,,,,344 15608,,,,,,,813033241,0,542030477,813033241,1355063718,27101108,0,18067682,27101108,45168790,46.4668,19.4602,8866.06,,2976,890
istree_exp8_full_comparison/step10055.txt,ellen_ext_bst_lf,,reclaimer_debra,allocator_new,pool_none,30000,20,20,0,1,20000000,190,190,190,0,insertIfAbsent,100000856946547,10001224,100000856946547,10001224,success,57,10001225,10001226,20002451,10001224,2,1,32.2358,800098040,,,,300 12004,,,,,,,963538236,0,642335867,963538236,1605874103,32117941,0,21411195,32117941,53529136,46.8247,20.1916,9775.22,,2969,961
istree_exp8_full_comparison/step10056.txt,guerraoui_ext_bst_ticket,,reclaimer_debra,allocator_new,pool_none,30000,20,20,0,1,20000000,24,24,24,0,insertIfAbsent,99954093268189,9998076,99954093268189,9998076,success,58,9998076,9998077,19996153,9998076,2,1,30.6816,799846120,,,,4866 110198,,,,,,,168019924,0,112033256,168019924,280053180,5600664,0,3734441,5600664,9335106,42.692,16.0864,7171.27,,2066,1754
istree_exp8_full_comparison/step10057.txt,guerraoui_ext_bst_ticket,,reclaimer_debra,allocator_new,pool_none,30000,20,20,0,1,20000000,48,48,48,0,insertIfAbsent,100041798241247,10005023,100041798241247,10005023,success,63,10005023,10005024,20010047,10005023,2,1,32.9597,800401880,,,,1198 50590,,,,,,,321733380,0,214506260,321733380,536239640,10724446,0,7150208,10724446,17874654,43.3858,16.0307,7487.54,,2153,1230
istree_exp8_full_comparison/step10058.txt,guerraoui_ext_bst_ticket,,reclaimer_debra,allocator_new,pool_none,30000,20,20,0,1,20000000,96,96,96,0,insertIfAbsent,99977766073922,9999662,99977766073922,9999662,success,56,9999662,9999663,19999325,9999662,2,1,31.0647,799973000,,,,290 26404,,,,,,,677433998,0,451610074,677433998,1129044072,22581133,0,15053669,22581133,37634802,44.5169,17.5251,7100.52,,2812,864
istree_exp8_full_comparison/step10059.txt,guerraoui_ext_bst_ticket,,reclaimer_debra,allocator_new,pool_none,30000,20,20,0,1,20000000,144,144,144,0,insertIfAbsent,100004623011748,9999368,100004623011748,9999368,success,55,9999368,9999369,19998737,9999368,2,1,30.0568,799949480,,,,214 16668,,,,,,,960836124,0,640560229,960836124,1601396353,32027870,0,21352007,32027870,53379878,45.8738,18.4847,7505.7,,2935,517
istree_exp8_full_comparison/step10060.txt,guerraoui_ext_bst_ticket,,reclaimer_debra,allocator_new,pool_none,30000,20,20,0,1,20000000,190,190,190,0,insertIfAbsent,100001089503323,9999898,100001089503323,9999898,success,55,9999898,9999899,19999797,9999898,2,1,29.7227,799991880,,,,148 12516,,,,,,,1180444204,0,787040880,1180444204,1967485084,39348140,0,26234696,39348140,65582836,46.4478,18.9134,8052.91,,2926,536
istree_exp8_full_comparison/step10061.txt,howley_int_bst_lf,,reclaimer_debra,allocator_new,pool_none,30000,20,20,0,1,20000000,24,24,24,0,insertIfAbsent,100014232274492,10002344,100014313964821,10002357,fail,57,6543509,3458849,10002358,10002357,1.52859,2.89182,29.7704,640150912,,,,10020 199124,,,,,,,,,,,,,,,,,,,,,3713,1534
istree_exp8_full_comparison/step10062.txt,howley_int_bst_lf,,reclaimer_debra,allocator_new,pool_none,30000,20,20,0,1,20000000,48,48,48,0,insertIfAbsent,99996519123021,9999148,99998705669846,9999523,fail,57,6540392,3459132,9999524,9999523,1.52889,2.89076,29.0882,639969536,,,,2428 88204,,,,,,,,,,,,,,,,,,,,,5447,1090
istree_exp8_full_comparison/step10063.txt,howley_int_bst_lf,,reclaimer_debra,allocator_new,pool_none,30000,20,20,0,1,20000000,96,96,96,0,insertIfAbsent,102463824587304,10182100,104939108386232,10363525,fail,86,6785417,3578109,10363526,10363525,1.52732,2.89637,30.6499,663265664,,,,606 45228,,,,,,,,,,,,,,,,,,,,,9886,777
istree_exp8_full_comparison/step10064.txt,howley_int_bst_lf,,reclaimer_debra,allocator_new,pool_none,30000,20,20,0,1,20000000,144,144,144,0,insertIfAbsent,156749947387302,13413029,152119012197660,13408113,fail,115,8782853,4625261,13408114,13408113,1.52662,2.89889,40.6216,858119296,,,,394 29124,,,,,,,,,,,,,,,,,,,,,13690,483
istree_exp8_full_comparison/step10065.txt,howley_int_bst_lf,,reclaimer_debra,allocator_new,pool_none,30000,20,20,0,1,20000000,190,190,190,0,insertIfAbsent,178240709685488,18873305,256153234129278,27723066,fail,138,18148463,9574604,27723067,27723066,1.52757,2.89548,74.1731,1774276288,,,,298 20786,,,,,,,,,,,,,,,,,,,,,16667,481
istree_exp8_full_comparison/step10066.txt,ramachandran_int_bst_lf,,reclaimer_debra,allocator_new,pool_none,30000,20,20,0,1,20000000,24,24,24,0,insertIfAbsent,166784034622117,16680833,100018004462261,10002022,fail,60,6548256,3453769,10002025,10002022,1.52743,2.89597,32.1686,400081000,,,,4968 116342,,,,,,,,,,,,,,,,,,,,,3432,1412
istree_exp8_full_comparison/step10067.txt,ramachandran_int_bst_lf,,reclaimer_debra,allocator_new,pool_none,30000,20,20,0,1,20000000,48,48,48,0,insertIfAbsent,248966434465626,24895086,99995889639204,9998632,fail,62,6545189,3453446,9998635,9998632,1.52763,2.89526,31.9356,399945400,,,,1214 52212,,,,,,,,,,,,,,,,,,,,,5077,998
istree_exp8_full_comparison/step10068.txt,ramachandran_int_bst_lf,,reclaimer_debra,allocator_new,pool_none,30000,20,20,0,1,20000000,96,96,96,0,insertIfAbsent,455760379647396,45575134,100035476555817,10003428,fail,60,6546624,3456807,10003431,10003428,1.52803,2.89383,31.6898,400137240,,,,282 27588,,,,,,,,,,,,,,,,,,,,,9199,686
istree_exp8_full_comparison/step10069.txt,ramachandran_int_bst_lf,,reclaimer_debra,allocator_new,pool_none,30000,20,20,0,1,20000000,144,144,144,0,insertIfAbsent,659311557780292,65933226,100028269270573,10003655,fail,60,6547921,3455737,10003658,10003655,1.52776,2.8948,31.2768,400146320,,,,192 18402,,,,,,,,,,,,,,,,,,,,,13230,428
istree_exp8_full_comparison/step10070.txt,ramachandran_int_bst_lf,,reclaimer_debra,allocator_new,pool_none,30000,20,20,0,1,20000000,190,190,190,0,insertIfAbsent,854554935823577,85455940,100031423056572,10003425,fail,62,6548776,3454652,10003428,10003425,1.52753,2.89564,31.6109,400137120,,,,164 14294,,,,,,,,,,,,,,,,,,,,,17083,437
istree_exp8_full_comparison/step10071.txt,brown_ext_bst_rq_lf,,reclaimer_debra,allocator_new,pool_none,30000,20,20,0,1,20000000,24,24,24,0,insertIfAbsent,99980532536224,9997581,99980532536224,9997581,success,61,9997580,9997581,19995161,9997581,2,1,31.6373,959767728,,,,4896 106548,,,,,,,162149001,0,108087886,162149001,270236887,5404966,0,3602929,5404966,9007896,40.2897,15.3135,7432.15,,2085,1761
istree_exp8_full_comparison/step10072.txt,brown_ext_bst_rq_lf,,reclaimer_debra,allocator_new,pool_none,30000,20,20,0,1,20000000,48,48,48,0,insertIfAbsent,99998648252084,10001331,99998648252084,10001331,success,58,10001330,10001331,20002661,10001331,2,1,30.3661,960127728,,,,1214 48904,,,,,,,309385852,0,206267626,309385852,515653478,10312861,0,6875587,10312861,17188449,41.3623,15.4618,7784.76,,2439,1235
istree_exp8_full_comparison/step10073.txt,brown_ext_bst_rq_lf,,reclaimer_debra,allocator_new,pool_none,30000,20,20,0,1,20000000,96,96,96,0,insertIfAbsent,99985454437190,9998132,99985454437190,9998132,success,57,9998131,9998132,19996263,9998132,2,1,30.3599,959820624,,,,306 24466,,,,,,,606821778,0,404551892,606821778,1011373670,20227392,0,13485063,20227392,33712455,44.3688,18.0756,7928,,2917,860
istree_exp8_full_comparison/step10074.txt,brown_ext_bst_rq_lf,,reclaimer_debra,allocator_new,pool_none,30000,20,20,0,1,20000000,144,144,144,0,insertIfAbsent,100010107113540,9999000,100010107113540,9999000,success,54,9998999,9999000,19997999,9999000,2,1,29.8742,959903952,,,,226 15568,,,,,,,821864838,0,547949809,821864838,1369814647,27395494,0,18264993,27395494,45660488,45.3861,19.218,8776.02,,2962,522
istree_exp8_full_comparison/step10075.txt,brown_ext_bst_rq_lf,,reclaimer_debra,allocator_new,pool_none,30000,20,20,0,1,20000000,190,190,190,0,insertIfAbsent,99986003312961,9999149,99986003312961,9999149,success,56,9999148,9999149,19998297,9999149,2,1,30.653,959918256,,,,172 12048,,,,,,,959255376,0,639474833,959255376,1598730209,31975179,0,21315827,31975179,53291006,45.5896,19.68,9799.59,,2942,513
istree_exp8_full_comparison/step10076.txt,drachsler_pext_bst_lock,,reclaimer_debra,allocator_new,pool_none,30000,20,20,0,1,20000000,24,24,24,0,insertIfAbsent,100026455966207,10002604,100026455966207,10002604,success,57,6549636,3452968,10002604,10002604,1.5272,2.89681,28.7502,1920499968,,,,4912 117432,,,,,,,179304451,0,119563337,179304451,298867788,5976815,0,3985444,5976815,9962259,32.9691,9.9082,6720.14,,3039,1657
istree_exp8_full_comparison/step10077.txt,drachsler_pext_bst_lock,,reclaimer_debra,allocator_new,pool_none,30000,20,20,0,1,20000000,48,48,48,0,insertIfAbsent,100016801745485,10000551,100016801745485,10000551,success,63,6543886,3456665,10000551,10000551,1.52823,2.89312,28.7751,1920105792,,,,1214 55148,,,,,,,351003606,0,233994525,351003606,584998131,11700120,0,7799817,11700120,19499937,33.4738,9.24404,6864.49,,3158,1186
istree_exp8_full_comparison/step10078.txt,drachsler_pext_bst_lock,,reclaimer_debra,allocator_new,pool_none,30000,20,20,0,1,20000000,96,96,96,0,insertIfAbsent,100007133649090,10001993,100007133649090,10001993,success,56,6546833,3455160,10001993,10001993,1.52776,2.8948,29.298,1920382656,,,,290 28128,,,,,,,730468515,0,486987512,730468515,1217456027,24348950,0,16232917,24348950,40581867,34.4621,9.47452,6591.22,,4230,880
istree_exp8_full_comparison/step10079.txt,drachsler_pext_bst_lock,,reclaimer_debra,allocator_new,pool_none,30000,20,20,0,1,20000000,144,144,144,0,insertIfAbsent,99990657386554,9999252,99990657386554,9999252,success,58,6544985,3454267,9999252,9999252,1.52777,2.89475,28.7633,1919856384,,,,194 18334,,,,,,,1078985509,0,719347295,1078985509,1798332804,35966183,0,23978243,35966183,59944426,35.1361,10.1226,6690.58,,4923,583
istree_exp8_full_comparison/step10080.txt,drachsler_pext_bst_lock,,reclaimer_debra,allocator_new,pool_none,30000,20,20,0,1,20000000,190,190,190,0,insertIfAbsent,100008871533892,10002198,100008871533892,10002198,success,58,6547216,3454982,10002198,10002198,1.5277,2.89501,28.4022,1920422016,,,,150 13774,,,,,,,1387191965,0,924775339,1387191965,2311967304,46239732,0,30825844,46239732,77065576,35.4394,10.4474,6864.87,,4970,583
istree_exp8_full_comparison/step10081.txt,brown_ext_ist_lf,72,reclaimer_debra,allocator_new,pool_none,30000,20,20,0,1,20000000,24,24,24,0,insertIfAbsent,100027614430479,10002170,100027614430479,10002170,success,7,1748083,11692408,13440491,10002170,7.6887,0.855441,4.02446,326925808,74 134354 3849101 35155656 115785,48 134066 3848879 35155482 115785,62854,228194,,,,,,,360920129,0,240641986,360920129,601562115,12030670,0,8021399,12030670,20052070,26.0768,11.1675,3309.71,,2450,155
istree_exp8_full_comparison/step10082.txt,brown_ext_ist_lf,72,reclaimer_debra,allocator_new,pool_none,30000,20,20,0,1,20000000,48,48,48,0,insertIfAbsent,99989537369685,9999680,99989537369685,9999680,success,7,1625797,11442031,13067828,9999680,8.0378,0.873943,4,313136240,160 242511 5299953 55460612 180823,78 242241 5299222 55460014 180823,249830,95718,,,,,,,585004015,0,389993036,585004015,974997051,19500133,0,12999767,19500133,32499901,26.8604,11.8541,4080.54,,2504,225
istree_exp8_full_comparison/step10083.txt,brown_ext_ist_lf,72,reclaimer_debra,allocator_new,pool_none,30000,20,20,0,1,20000000,96,96,96,0,insertIfAbsent,100004964715325,10001430,100004964715325,10001430,success,7,1724092,11651206,13375298,10001430,7.75788,0.858403,4.02012,324352176,411 432938 6319639 93813044 274207,136 432822 6317378 93810763 274202,909905,45664,,,,,,,1026605581,0,684388594,1026605581,1710994175,34220186,0,22812953,34220186,57033139,27.6924,13.6717,4603.14,,2634,226
istree_exp8_full_comparison/step10084.txt,brown_ext_ist_lf,72,reclaimer_debra,allocator_new,pool_none,30000,20,20,0,1,20000000,144,144,144,0,insertIfAbsent,100018729178647,10002877,100018729178647,10002877,success,7,1778473,11770162,13548635,10002877,7.61813,0.84985,4.03057,330621888,623 606008 5082801 128296546 321644,191 605799 5079500 128291853 321639,1866421,29488,,,,,,,1437655033,0,958490638,1437655033,2396145671,47921834,0,31949687,47921834,79871522,28.0325,14.504,4889.82,,2803,363
istree_exp8_full_comparison/step10085.txt,brown_ext_ist_lf,72,reclaimer_debra,allocator_new,pool_none,30000,20,20,0,1,20000000,190,190,190,0,insertIfAbsent,100013991164673,10001520,100013991164673,10001520,success,7,1877631,11977424,13855055,10001520,7.37901,0.835031,4.05023,341886368,852 728069 6140566 154370669 388168,230 727836 6135554 154363378 388160,2897801,22120,,,,,,,1729540359,0,1153077609,1729540359,2882617968,57651345,0,38435920,57651345,96087265,28.6359,15.2934,5332.95,,2924,405
istree_exp8_full_comparison/step10086.txt,brown_ext_abtree_lf,208,reclaimer_debra,allocator_new,pool_none,30000,20,20,0,1,20000000,24,24,24,0,insertIfAbsent,100046813129936,10001815,100046813129936,10001815,success,9,292898,1945659,2238557,10001815,7.64279,5.14058,8,465619856,,,,5344 292112,,,,,,,462506955,0,308331003,462506955,770837958,15416898,0,10277700,15416898,25694598,19.527,6.37437,2604.46,,1576,836
istree_exp8_full_comparison/step10087.txt,brown_ext_abtree_lf,208,reclaimer_debra,allocator_new,pool_none,30000,20,20,0,1,20000000,48,48,48,0,insertIfAbsent,100015677072564,10001372,100015677072564,10001372,success,9,307365,1966322,2273687,10001372,7.39735,5.08633,8,472926896,,,,1412 125930,,,,,,,818230835,0,545469510,818230835,1363700345,27274361,0,18182317,27274361,45456678,20.0965,6.74459,2942.82,,1705,772
istree_exp8_full_comparison/step10088.txt,brown_ext_abtree_lf,208,reclaimer_debra,allocator_new,pool_none,30000,20,20,0,1,20000000,96,96,96,0,insertIfAbsent,99993844398964,9999722,99993844398964,9999722,success,9,319933,1959522,2279455,9999722,7.12479,5.10314,8,474126640,,,,720 60356,,,,,,,1491148854,0,994079288,1491148854,2485228142,49704961,0,33135976,49704961,82840938,21.4244,7.66227,3216.22,,2137,892
istree_exp8_full_comparison/step10089.txt,brown_ext_abtree_lf,208,reclaimer_debra,allocator_new,pool_none,30000,20,20,0,1,20000000,144,144,144,0,insertIfAbsent,99963062977227,9996795,99963062977227,9996795,success,9,324845,1956134,2280979,9996795,7.02175,5.11049,8,474443632,,,,728 37990,,,,,,,1926183646,0,1284067539,1926183646,3210251185,64206121,0,42802251,64206121,107008372,22.5144,8.61557,3734.42,,2121,847
istree_exp8_full_comparison/step10090.txt,brown_ext_abtree_lf,208,reclaimer_debra,allocator_new,pool_none,30000,20,20,0,1,20000000,190,190,190,0,insertIfAbsent,100063402078489,10005173,100063402078489,10005173,success,9,327226,1955734,2282960,10005173,6.97671,5.11581,8,474855680,,,,616 29090,,,,,,,2187557069,0,1458443968,2187557069,3646001037,72918568,0,48614798,72918568,121533367,22.8985,9.08513,4306.08,,2263,929
istree_exp8_full_comparison/step10091.txt,bronson_pext_bst_occ,,reclaimer_debra,allocator_new,pool_none,30000,20,20,0,1,20000000,24,24,24,0,insertIfAbsent,99995087424081,9999034,99995087424081,9999034,success,29,6857903,5201169,12059072,9999034,1.75842,1.92246,23.2082,675308032,,,,4902 145596,,,,,,,225572893,0,150370674,225572893,375943567,7519096,0,5012355,7519096,12531452,30.0183,10.6474,5341.55,,1861,1451
istree_exp8_full_comparison/step10092.txt,bronson_pext_bst_occ,,reclaimer_debra,allocator_new,pool_none,30000,20,20,0,1,20000000,48,48,48,0,insertIfAbsent,100021831228668,10003234,100021831228668,10003234,success,29,6859562,5206025,12065587,10003234,1.75894,1.92147,23.2463,675672872,,,,1216 65986,,,,,,,423378852,0,282301502,423378852,705680354,14112628,0,9410050,14112628,23522678,30.6632,10.56,5690.16,,1892,1041
istree_exp8_full_comparison/step10093.txt,bronson_pext_bst_occ,,reclaimer_debra,allocator_new,pool_none,30000,20,20,0,1,20000000,96,96,96,0,insertIfAbsent,100025311036202,10000677,100025311036202,10000677,success,29,6858435,5202272,12060707,10000677,1.75852,1.92237,23.2568,675399592,,,,292 33578,,,,,,,880004524,0,586677342,880004524,1466681866,29333484,0,19555911,29333484,48889395,31.3602,11.1971,5469.36,,2056,766
istree_exp8_full_comparison/step10094.txt,bronson_pext_bst_occ,,reclaimer_debra,allocator_new,pool_none,30000,20,20,0,1,20000000,144,144,144,0,insertIfAbsent,100056610850082,10003504,100056610850082,10003504,success,29,6859414,5203079,12062493,10003504,1.75853,1.92261,23.2118,675499608,,,,192 21770,,,,,,,1291988744,0,861342869,1291988744,2153331613,43066291,0,28711428,43066291,71777720,32.14,11.8292,5579.71,,2426,476
istree_exp8_full_comparison/step10095.txt,bronson_pext_bst_occ,,reclaimer_debra,allocator_new,pool_none,30000,20,20,0,1,20000000,190,190,190,0,insertIfAbsent,99976800262830,9997367,99976800262830,9997367,success,29,6858199,5203970,12062169,9997367,1.7588,1.9211,23.193,675481464,,,,152 16664,,,,,,,1665127932,0,1110022508,1665127932,2775150440,55504264,0,37000750,55504264,92505014,32.6615,12.2923,5710.87,,2521,472
istree_exp8_full_comparison/step10096.txt,natarajan_ext_bst_lf,,reclaimer_debra,allocator_new,pool_none,30000,20,20,0,1,20000000,24,24,24,0,insertIfAbsent,99992225952310,10000674,99992225952310,10000674,success,56,10000673,10000674,20001347,10000674,2,1,30.5693,640043104,,,,4920 121832,,,,,,,186812883,0,124530091,186812883,311342974,6227096,0,4151003,6227096,10378099,26.0752,9.7837,6451.08,,1750,1501
istree_exp8_full_comparison/step10097.txt,natarajan_ext_bst_lf,,reclaimer_debra,allocator_new,pool_none,30000,20,20,0,1,20000000,48,48,48,0,insertIfAbsent,99991292820850,10000146,99991292820850,10000146,success,59,10000145,10000146,20000291,10000146,2,1,30.6089,640009312,,,,1242 56436,,,,,,,360466746,0,240318760,360466746,600785506,12015558,0,8010625,12015558,20026183,26.0231,9.59579,6684.63,,1820,1066
istree_exp8_full_comparison/step10098.txt,natarajan_ext_bst_lf,,reclaimer_debra,allocator_new,pool_none,30000,20,20,0,1,20000000,96,96,96,0,insertIfAbsent,100019190850691,10000818,100019190850691,10000818,success,59,10000817,10000818,20001635,10000818,2,1,30.6615,640052320,,,,296 29518,,,,,,,759029954,0,506047918,759029954,1265077872,25300998,0,16868263,25300998,42169262,27.5391,10.6226,6343.19,,2279,781
istree_exp8_full_comparison/step10099.txt,natarajan_ext_bst_lf,,reclaimer_debra,allocator_new,pool_none,30000,20,20,0,1,20000000,144,144,144,0,insertIfAbsent,99990051306163,10000052,99990051306163,10000052,success,57,10000051,10000052,20000103,10000052,2,1,30.4517,640003296,,,,210 18924,,,,,,,1065685658,0,710440229,1065685658,1776125887,35522855,0,23681340,35522855,59204196,28.6449,11.5471,6771.6,,2351,454
istree_exp8_full_comparison/step10100.txt,natarajan_ext_bst_lf,,reclaimer_debra,allocator_new,pool_none,30000,20,20,0,1,20000000,190,190,190,0,insertIfAbsent,100015612285669,10000925,100015612285669,10000925,success,58,10000924,10000925,20001849,10000925,2,1,30.4321,640059168,,,,152 14186,,,,,,,1283171002,0,855438082,1283171002,2138609084,42772366,0,28514602,42772366,71286969,29.1526,12.085,7394.94,,2322,454
